metric,framework,model,date,mean,lo80,hi80,lo95,hi95,validation_rmse,is_best
github-stars,Angular,ARIMA,2025-10-01,308.84924978690435,190.5702938581944,500.15576721187347,147.51978982310857,645.422659955647,72.84587356240964,FALSE
github-stars,Angular,ARIMA,2025-11-01,228.07023489248573,133.68588490118876,388.59667193184436,100.67757068344656,515.0742153946976,72.84587356240964,FALSE
github-stars,Angular,ARIMA,2025-12-01,253.87356080532328,133.1637394668578,483.18844209117987,94.52252086207339,679.0546238868889,72.84587356240964,FALSE
github-stars,Angular,ARIMA,2026-01-01,223.19199823342606,98.69703213847586,503.1479269120489,63.919859519563914,773.2168951667218,72.84587356240964,FALSE
github-stars,Angular,ARIMA,2026-02-01,202.57423689720682,71.95528357774647,567.0530305130808,41.37750518736646,976.9355756089876,72.84587356240964,FALSE
github-stars,Angular,ARIMA,2026-03-01,169.14303807025294,46.32926783837928,610.6438036318215,23.041869492332715,1203.0932762324355,72.84587356240964,FALSE
github-stars,Angular,ARIMA,2026-04-01,162.1643828051292,33.158997241760346,778.3734584114735,13.927963663726626,1782.4057220321936,72.84587356240964,FALSE
github-stars,Angular,ARIMA,2026-05-01,145.57797832420107,21.49019102450597,954.3099707423186,7.337724905433693,2575.8544744871733,72.84587356240964,FALSE
github-stars,Angular,ARIMA,2026-06-01,133.2338549049812,13.7436745998631,1221.1327648413276,3.579373984318298,3933.7578652355655,72.84587356240964,FALSE
github-stars,Angular,ARIMA,2026-07-01,119.21098287157588,8.251408145372546,1560.9979332744479,1.3802986701253,6069.952601166486,72.84587356240964,FALSE
github-stars,Angular,ARIMA,2026-08-01,106.80090570242601,4.6990458726841,2038.1194473383218,0.2019719621440804,9667.308110560012,72.84587356240964,FALSE
github-stars,Angular,ARIMA,2026-09-01,94.53676160992018,2.4056996514696243,2678.9993402154896,0,15653.551085011126,72.84587356240964,FALSE
github-stars,Angular,ARIMA,2026-10-01,86.37660706523538,1.0543067323584607,3715.422354059805,0,27058.67551614967,72.84587356240964,FALSE
github-stars,Angular,ARIMA,2026-11-01,75.20363580931127,0.1655411703843364,4981.2299358531445,0,45546.435051754066,72.84587356240964,FALSE
github-stars,Angular,ARIMA,2026-12-01,70.94696870799739,0,7353.678751679564,0,85182.5740507892,72.84587356240964,FALSE
github-stars,Angular,ARIMA,2027-01-01,60.440667527816196,0,9979.755917906195,0,147719.6803781965,72.84587356240964,FALSE
github-stars,Angular,ARIMA,2027-02-01,53.27395386378543,0,14229.604742036978,0,271373.94069703296,72.84587356240964,FALSE
github-stars,Angular,ARIMA,2027-03-01,46.42627579664168,0,20373.86135675707,0,504614.6422150654,72.84587356240964,FALSE
github-stars,Angular,ARIMA,2027-04-01,42.89687298770102,0,31350.081400794323,0,1016184.5558566336,72.84587356240964,FALSE
github-stars,Angular,ARIMA,2027-05-01,36.00600980945614,0,44558.23204126657,0,1904334.5310824688,72.84587356240964,FALSE
github-stars,Angular,ARIMA,2027-06-01,33.268645061173906,0,70522.68758540649,0,4002792.4397635544,72.84587356240964,FALSE
github-stars,Angular,ARIMA,2027-07-01,30.751217043889437,0,113170.31019579517,0,8590902.490670813,72.84587356240964,FALSE
github-stars,Angular,ARIMA,2027-08-01,26.97711559434665,0,174957.40738706006,0,17884863.16091967,72.84587356240964,FALSE
github-stars,Angular,ARIMA,2027-09-01,23.649365344580467,0,273888.92561649694,0,37955741.62494872,72.84587356240964,FALSE
github-stars,Angular,ETS,2025-10-01,354.3410856599296,239.14138322047168,524.8039470941688,194.15514062537528,646.0097930977042,61.8621322933854,TRUE
github-stars,Angular,ETS,2025-11-01,352.70359735908727,235.16757251124736,528.7350243916371,189.70362330152875,655.0244248057579,61.8621322933854,TRUE
github-stars,Angular,ETS,2025-12-01,351.39900388010017,231.0291365145252,534.2132055532292,184.98006023575442,666.7331848278025,61.8621322933854,TRUE
github-stars,Angular,ETS,2026-01-01,350.3587645148005,226.80442378496357,540.9253030744509,180.10944773792792,680.6484890396665,61.8621322933854,TRUE
github-stars,Angular,ETS,2026-02-01,349.52876042377767,222.5625265495738,548.6020007493711,175.1977613523358,696.343774070608,61.8621322933854,TRUE
github-stars,Angular,ETS,2026-03-01,348.86614998001954,218.3580890520054,557.0205563917975,170.32676010643246,713.4612016581628,61.8621322933854,TRUE
github-stars,Angular,ETS,2026-04-01,348.3369483187736,214.231037384038,566.0014183081012,165.55505890956968,731.7084764620241,61.8621322933854,TRUE
github-stars,Angular,ETS,2026-05-01,347.91415119349614,210.20851640891206,575.4023486031217,160.9218315860439,750.8509623477529,61.8621322933854,TRUE
github-stars,Angular,ETS,2026-06-01,347.5762722102726,206.30749356363225,585.1120380133024,156.45111208266255,770.7025046112037,61.8621322933854,TRUE
github-stars,Angular,ETS,2026-07-01,347.30619683137286,202.537276429806,595.0441688084284,152.15573768618032,791.1166296734951,61.8621322933854,TRUE
github-stars,Angular,ETS,2026-08-01,347.0902809729477,198.9016461595693,605.1322957346011,148.0405926638027,811.9788102839,61.8621322933854,TRUE
github-stars,Angular,ETS,2026-09-01,346.91763968185796,195.40054109343205,615.3256136051609,144.1051157147814,833.1999756902059,61.8621322933854,TRUE
github-stars,Angular,ETS,2026-10-01,346.7795843196422,192.03132749809413,625.5855435861171,140.34516166310354,854.7112096827847,61.8621322933854,TRUE
github-stars,Angular,ETS,2026-11-01,346.66917628941616,188.78972932566637,635.8830208633143,136.75434414049542,876.4594870016011,61.8621322933854,TRUE
github-stars,Angular,ETS,2026-12-01,346.5808725558136,185.67049224701236,646.196359276726,133.32498161521036,898.4042769552885,61.8621322933854,TRUE
github-stars,Angular,ETS,2027-01-01,346.51024368057875,182.66784791816386,656.5095795576768,130.04874986791694,920.5148529432881,61.8621322933854,TRUE
github-stars,Angular,ETS,2027-02-01,346.4537492846302,179.77583167142964,666.8111049234147,126.9171219982023,942.7681680615303,61.8621322933854,TRUE
github-stars,Angular,ETS,2027-03-01,346.4085590773244,176.9884945598473,677.0927453690034,123.9216572032941,965.147180738811,61.8621322933854,TRUE
github-stars,Angular,ETS,2027-04-01,346.37241010076946,174.3000403419696,687.3489077573671,121.05418340904583,987.6395363837573,61.8621322933854,TRUE
github-stars,Angular,ETS,2027-05-01,346.34349279377955,171.7049098252966,697.5759820506897,118.30690636250009,1010.2365299256782,61.8621322933854,TRUE
github-stars,Angular,ETS,2027-06-01,346.32036001425183,169.1978287744984,707.7718647707234,115.67246847871274,1032.9322897109962,61.8621322933854,TRUE
github-stars,Angular,ETS,2027-07-01,346.301854366166,166.77383097725496,717.9355893204215,113.14397391645689,1055.7231357693884,61.8621322933854,TRUE
github-stars,Angular,ETS,2027-08-01,346.2870501306545,164.42826468807047,728.067039516308,110.71499143640736,1078.607075448838,61.8621322933854,TRUE
github-stars,Angular,ETS,2027-09-01,346.2752068550314,162.15678823175162,738.1667279261575,108.37954307788799,1101.5834073042968,61.8621322933854,TRUE
github-stars,Angular,PROPHET,2025-10-01,360.6055346866946,208.7844046856394,584.9271448184662,157.24659026233448,795.0739223089793,151.93508549461006,FALSE
github-stars,Angular,PROPHET,2025-11-01,409.0649849361921,245.77212070901183,695.7402745365118,192.42004491900857,896.4701753542919,151.93508549461006,FALSE
github-stars,Angular,PROPHET,2025-12-01,351.1961360275748,219.10808152357077,616.3653124326312,156.64017484362913,769.3888663727737,151.93508549461006,FALSE
github-stars,Angular,PROPHET,2026-01-01,383.53667525377085,229.6360997629922,642.1210063876607,188.73227318734632,785.1388876909704,151.93508549461006,FALSE
github-stars,Angular,PROPHET,2026-02-01,362.38102669434784,211.13342982812108,611.2849821375834,172.5532117245395,804.9569673242422,151.93508549461006,FALSE
github-stars,Angular,PROPHET,2026-03-01,444.21596853300895,266.0877392621317,772.9060895062925,204.38178939964885,984.292171839428,151.93508549461006,FALSE
github-stars,Angular,PROPHET,2026-04-01,390.39122886666564,228.21080466819595,652.8992151145286,174.95434840088427,845.6718078377007,151.93508549461006,FALSE
github-stars,Angular,PROPHET,2026-05-01,399.803678940563,235.04398848283884,670.4471217707147,181.1799753752337,879.3930952432745,151.93508549461006,FALSE
github-stars,Angular,PROPHET,2026-06-01,363.2557425562794,221.36646275642013,615.4503248882509,164.57668094569857,806.8511306786992,151.93508549461006,FALSE
github-stars,Angular,PROPHET,2026-07-01,355.01920668082056,207.55401357411984,570.6978958735742,157.57507265100423,788.5737939822717,151.93508549461006,FALSE
github-stars,Angular,PROPHET,2026-08-01,351.241110036981,204.27332893105068,603.6288327024613,164.79435828877698,794.266229339497,151.93508549461006,FALSE
github-stars,Angular,PROPHET,2026-09-01,235.11122355824742,142.16577601890666,387.21637227142054,105.53359677523413,491.8807494552988,151.93508549461006,FALSE
github-stars,Angular,PROPHET,2026-10-01,313.87462116762777,192.5887713168992,522.3892633606791,141.86013057321082,693.8441513330675,151.93508549461006,FALSE
github-stars,Angular,PROPHET,2026-11-01,387.69958757338077,235.28475629043285,673.5309284717819,177.91728628338723,859.56817576173,151.93508549461006,FALSE
github-stars,Angular,PROPHET,2026-12-01,294.275265963813,169.44923568791094,488.3642747860156,137.31144842683682,616.0489290657969,151.93508549461006,FALSE
github-stars,Angular,PROPHET,2027-01-01,307.99473741979773,181.4304346424185,518.4924498246224,136.66781642876,700.0094589150605,151.93508549461006,FALSE
github-stars,Angular,PROPHET,2027-02-01,309.8357634722428,183.1768565050507,527.0380964190437,138.66048883109474,637.8664441725675,151.93508549461006,FALSE
github-stars,Angular,PROPHET,2027-03-01,358.8996868119431,210.09065766154424,599.6544204945113,163.6792860930513,772.3571389034742,151.93508549461006,FALSE
github-stars,Angular,PROPHET,2027-04-01,341.8903324993427,193.1156716460336,574.5201182767024,151.65697605897296,819.1140331614533,151.93508549461006,FALSE
github-stars,Angular,PROPHET,2027-05-01,340.11513057513844,198.5821754673301,583.9139102848007,151.57404883986067,782.8333378653485,151.93508549461006,FALSE
github-stars,Angular,PROPHET,2027-06-01,317.4668124336982,188.99691068033886,530.414543939747,142.88233667741108,727.9683878442593,151.93508549461006,FALSE
github-stars,Angular,PROPHET,2027-07-01,302.9513008293739,176.70609592798846,505.78774304287424,129.12196730796813,665.9240055646975,151.93508549461006,FALSE
github-stars,Angular,PROPHET,2027-08-01,296.11751904448073,171.3818427431727,511.2876384047631,128.60974733897058,631.2514880929527,151.93508549461006,FALSE
github-stars,Angular,PROPHET,2027-09-01,175.54068719874942,102.13234472159928,295.2115868599986,75.90167081624332,396.950896660922,151.93508549461006,FALSE
github-stars,React,ARIMA,2025-10-01,836.0399330494162,593.5477246310905,1177.4350027646763,495.0712930080964,1411.369269083942,221.3149689564455,FALSE
github-stars,React,ARIMA,2025-11-01,895.0953749191747,584.7756051542328,1369.8097672317924,466.73276428451766,1715.764319856555,221.3149689564455,FALSE
github-stars,React,ARIMA,2025-12-01,928.7870493056275,579.2706370932841,1488.8288863744247,451.1067156253699,1911.1679178347379,221.3149689564455,FALSE
github-stars,React,ARIMA,2026-01-01,947.5526398234514,572.1479878515123,1568.842570483106,437.9791293234348,2048.646669769376,221.3149689564455,FALSE
github-stars,React,ARIMA,2026-02-01,957.8695251948163,563.6141871873817,1627.4230669573944,425.5726917685152,2154.390591309283,221.3149689564455,FALSE
github-stars,React,ARIMA,2026-03-01,963.5016379399804,554.3523627865414,1674.0867952036904,413.63019631566254,2242.597832128669,221.3149689564455,FALSE
github-stars,React,ARIMA,2026-04-01,966.5645503884523,544.8633092941849,1714.0468683797671,402.1671207263382,2321.0672297924534,221.3149689564455,FALSE
github-stars,React,ARIMA,2026-05-01,968.2268111173312,535.4409912397219,1750.172312946675,391.21615511501716,2394.109429169719,221.3149689564455,FALSE
github-stars,React,ARIMA,2026-06-01,969.1279196460197,526.2393339006503,1784.0492555512901,380.78593689768854,2464.1200830609014,221.3149689564455,FALSE
github-stars,React,ARIMA,2026-07-01,969.6161126969762,517.3297627937862,1816.5603753662804,370.864232728951,2532.4397753539142,221.3149689564455,FALSE
github-stars,React,ARIMA,2026-08-01,969.8805139117555,508.7382568004264,1848.2019378930122,361.4267411119583,2599.826223256993,221.3149689564455,FALSE
github-stars,React,ARIMA,2026-09-01,970.0236859060026,500.46698347503474,1879.257384158214,352.44378534433014,2666.7141816821163,221.3149689564455,FALSE
github-stars,React,ARIMA,2026-10-01,970.1012053936807,492.50634517740167,1909.8924542359516,343.884356272485,2733.3587320382494,221.3149689564455,FALSE
github-stars,React,ARIMA,2026-11-01,970.143175597547,484.8414807620508,1940.2073790619716,335.71827482872595,2799.9144083118504,221.3149689564455,FALSE
github-stars,React,ARIMA,2026-12-01,970.1658982491524,477.4556756404859,1970.265573680394,327.9172154724511,2866.478981199994,221.3149689564455,FALSE
github-stars,React,ARIMA,2027-01-01,970.1782000957336,470.3320862076353,2000.1094596383741,320.4550931469053,2933.117755322518,221.3149689564455,FALSE
github-stars,React,ARIMA,2027-02-01,970.1848601537415,463.45456172195935,2029.7692298143015,313.30811672233995,2999.8771088309672,221.3149689564455,FALSE
github-stars,React,ARIMA,2027-03-01,970.1884658054445,456.807992240121,2059.2677369136436,306.4546807571488,3066.792084969264,221.3149689564455,FALSE
github-stars,React,ARIMA,2027-04-01,970.1904178444018,450.3784141377562,2088.6232477455715,299.87518887150475,3133.8906875654757,221.3149689564455,FALSE
github-stars,React,ARIMA,2027-05-01,970.1914746439506,444.1529967362073,2117.8510182714303,293.55185723886495,3201.196344177857,221.3149689564455,FALSE
github-stars,React,ARIMA,2027-06-01,970.1920467762274,438.119974956973,2146.964213684013,287.4685219968476,3268.729345830341,221.3149689564455,FALSE
github-stars,React,ARIMA,2027-07-01,970.1923565182368,432.26856142076804,2175.974461905268,281.610461150465,3336.5077112140866,221.3149689564455,FALSE
github-stars,React,ARIMA,2027-08-01,970.1925242068925,426.5888546341629,2204.8921996045774,275.964234691479,3404.5477239725133,221.3149689564455,FALSE
github-stars,React,ARIMA,2027-09-01,970.1926149904517,421.07175108616985,2233.7268988855535,270.51754327544865,3472.864281598628,221.3149689564455,FALSE
github-stars,React,ETS,2025-10-01,809.3007830025043,571.5367384222108,1145.803890251456,475.37828038861767,1377.289871651671,183.1938697072839,TRUE
github-stars,React,ETS,2025-11-01,809.3007830025043,523.1906044564709,1251.5736885636895,415.25125067592955,1576.3823090459725,183.1938697072839,TRUE
github-stars,React,ETS,2025-12-01,809.3007830025043,486.2173951943003,1346.6270868215354,371.1970815013049,1763.0851891853688,183.1938697072839,TRUE
github-stars,React,ETS,2026-01-01,809.3007830025043,456.0691017990056,1435.5166149935976,336.5568181065848,1944.1165662047206,183.1938697072839,TRUE
github-stars,React,ETS,2026-02-01,809.3007830025043,430.5581022109955,1520.4344385392997,308.17223561808476,2122.694443719529,183.1938697072839,TRUE
github-stars,React,ETS,2026-03-01,809.3007830025043,408.4377293532081,1602.6317902888131,284.267478676089,2300.6551412788385,183.1938697072839,TRUE
github-stars,React,ETS,2026-04-01,809.3007830025043,388.92045347387716,1682.900788185916,263.7351139166908,2479.167248010373,183.1938697072839,TRUE
github-stars,React,ETS,2026-05-01,809.3007830025043,371.47275415471813,1761.7795633656942,245.8342428823929,2659.033515881791,183.1938697072839,TRUE
github-stars,React,ETS,2026-06-01,809.3007830025043,355.71435644616685,1839.6530241054645,230.04319032154075,2840.8381776182405,183.1938697072839,TRUE
github-stars,React,ETS,2026-07-01,809.3007830025043,341.36352615034303,1916.8075606282387,215.9800492200459,3025.0264079330486,183.1938697072839,TRUE
github-stars,React,ETS,2026-08-01,809.3007830025043,328.2050775600211,1993.4630374504527,203.35651259971795,3211.9504980375027,183.1938697072839,TRUE
github-stars,React,ETS,2026-09-01,809.3007830025043,316.07055282217306,2069.7926141053986,191.9494519747201,3401.8982835385154,183.1938697072839,TRUE
github-stars,React,ETS,2026-10-01,809.3007830025043,304.8253621592225,2145.935605009212,181.58259331554737,3595.1114748749796,183.1938697072839,TRUE
github-stars,React,ETS,2026-11-01,809.3007830025043,294.36011878295193,2222.0061446344785,172.11424716552378,3791.7979336482535,183.1938697072839,TRUE
github-stars,React,ETS,2026-12-01,809.3007830025043,284.5846129009702,2298.099213591563,163.42882863361874,3992.14015912309,183.1938697072839,TRUE
github-stars,React,ETS,2027-01-01,809.3007830025043,275.42350724358374,2374.2949431897932,155.43083726289532,4196.301314900088,183.1938697072839,TRUE
github-stars,React,ETS,2027-02-01,809.3007830025043,266.8131906842633,2450.6617619053395,148.04048349500684,4404.429609039537,183.1938697072839,TRUE
github-stars,React,ETS,2027-03-01,809.3007830025043,258.6994318957429,2527.2587418137305,141.1904470291597,4616.661542338508,183.1938697072839,TRUE
github-stars,React,ETS,2027-04-01,809.3007830025043,251.03559863183418,2604.1373793969246,134.82343150335407,4833.124360333642,183.1938697072839,TRUE
github-stars,React,ETS,2027-05-01,809.3007830025043,243.78128513481496,2681.34296822509,128.89029095159316,5053.937933576307,183.1938697072839,TRUE
github-stars,React,ETS,2027-06-01,809.3007830025043,236.90123939134486,2758.915671790145,123.34857429844908,5279.216219918983,183.1938697072839,TRUE
github-stars,React,ETS,2027-07-01,809.3007830025043,230.36451426797353,2836.891372459961,118.1613804647797,5509.06841623942,183.1938697072839,TRUE
github-stars,React,ETS,2027-08-01,809.3007830025043,224.14378824492186,2915.302350834594,113.29644763805926,5743.599876049305,183.1938697072839,TRUE
github-stars,React,ETS,2027-09-01,809.3007830025043,218.21481632143204,2994.1778349312212,108.72542140585601,5982.912848289409,183.1938697072839,TRUE
github-stars,React,PROPHET,2025-10-01,1105.9500231757108,797.7734780642743,1556.340677034139,665.261784216643,1824.5181819567556,235.12474132790499,FALSE
github-stars,React,PROPHET,2025-11-01,1057.2655620451267,755.6353875220186,1498.5021013380253,643.5097403569574,1745.7606157493742,235.12474132790499,FALSE
github-stars,React,PROPHET,2025-12-01,1189.5802152833485,872.4983297303345,1657.306964822839,718.9474761685622,1985.9277093978596,235.12474132790499,FALSE
github-stars,React,PROPHET,2026-01-01,1258.6410714146436,871.8890923214371,1751.6167341110813,745.0957876765467,2089.9290672271113,235.12474132790499,FALSE
github-stars,React,PROPHET,2026-02-01,1139.3579171823637,812.5775064750625,1582.2962449694567,677.9476145519614,1931.2470526400828,235.12474132790499,FALSE
github-stars,React,PROPHET,2026-03-01,1381.5560105229217,983.633268267677,1920.9262015034092,804.9927801321738,2301.777812366511,235.12474132790499,FALSE
github-stars,React,PROPHET,2026-04-01,1204.5672381483546,838.4501400641979,1701.6468533870063,700.3781040707082,2113.0326971731915,235.12474132790499,FALSE
github-stars,React,PROPHET,2026-05-01,1270.0433519784372,907.8861419587432,1789.1946502144415,772.687700459117,2202.761598436937,235.12474132790499,FALSE
github-stars,React,PROPHET,2026-06-01,1172.0671105847284,844.1577217937453,1647.2119448018448,677.5818081241131,2007.3092247328875,235.12474132790499,FALSE
github-stars,React,PROPHET,2026-07-01,1048.4069264500229,752.2219519069855,1459.941786202764,629.0703203950286,1741.4332135434838,235.12474132790499,FALSE
github-stars,React,PROPHET,2026-08-01,982.4280587292271,692.9335247199613,1374.6776653269167,590.4591828242945,1616.8959951147447,235.12474132790499,FALSE
github-stars,React,PROPHET,2026-09-01,958.7268989010881,694.556498293567,1357.2402769693256,575.1949694900057,1559.734023620781,235.12474132790499,FALSE
github-stars,React,PROPHET,2026-10-01,1035.0101193265161,730.0583987497387,1454.4601153694864,604.1062067419612,1711.417016426595,235.12474132790499,FALSE
github-stars,React,PROPHET,2026-11-01,987.112173329872,709.6050278985521,1375.6087141413614,554.2084955119088,1724.7214045341536,235.12474132790499,FALSE
github-stars,React,PROPHET,2026-12-01,1031.6745043021353,737.3890529292294,1443.0562426953793,607.2723274514673,1726.9313367760976,235.12474132790499,FALSE
github-stars,React,PROPHET,2027-01-01,1136.8963440356465,801.6258752748038,1614.6447829729725,679.4839603250149,1938.325580085576,235.12474132790499,FALSE
github-stars,React,PROPHET,2027-02-01,1047.8660860597686,744.2146068514523,1491.5477528350805,627.682851051623,1714.7433906734643,235.12474132790499,FALSE
github-stars,React,PROPHET,2027-03-01,1311.3441022997322,935.7960048159723,1841.4912950282414,771.6925769213916,2130.1266851602204,235.12474132790499,FALSE
github-stars,React,PROPHET,2027-04-01,1104.0891280627882,761.7097774642599,1581.5145959274887,661.9136043806208,1924.0565225965315,235.12474132790499,FALSE
github-stars,React,PROPHET,2027-05-01,1120.7315591536255,783.8163899747348,1599.3855643057182,647.7818709080942,1951.709180374528,235.12474132790499,FALSE
github-stars,React,PROPHET,2027-06-01,1076.1976210921139,751.1747050624533,1488.8246135862667,615.7298979249242,1896.7742782535158,235.12474132790499,FALSE
github-stars,React,PROPHET,2027-07-01,959.3032815120412,668.6053633115098,1373.8874953727739,563.0634883851764,1589.9990138959665,235.12474132790499,FALSE
github-stars,React,PROPHET,2027-08-01,894.3387383528388,615.1201565794107,1268.6783715204924,489.47936900195657,1573.7778974714759,235.12474132790499,FALSE
github-stars,React,PROPHET,2027-09-01,881.5264778380078,628.9010496242211,1250.5108399381959,508.46392700749294,1481.9853407563228,235.12474132790499,FALSE
github-stars,Vue,ARIMA,2025-10-01,242.10142439520322,74.23230502638499,784.54422228921635,39.43460686072625,1460.5772757859643,142.62494588803526,FALSE
github-stars,Vue,ARIMA,2025-11-01,253.14379460304957,47.38413394632008,1333.9224852695636,19.10752733149015,3211.1835405432926,142.62494588803526,FALSE
github-stars,Vue,ARIMA,2025-12-01,260.38370915495096,33.27686119412314,1992.2234467056132,10.693689693846716,5841.590764790954,142.62494588803526,FALSE
github-stars,Vue,ARIMA,2026-01-01,259.29220665861635,23.92842812880133,2716.8622132589985,6.200996635290694,9407.70219480067,142.62494588803526,FALSE
github-stars,Vue,ARIMA,2026-02-01,263.09386169272506,18.175336331326463,3636.253948439685,3.7839287553211314,14578.140148397624,142.62494588803526,FALSE
github-stars,Vue,ARIMA,2026-03-01,239.68701730157952,12.605794279869269,4256.762472804892,1.9731456849051414,19483.49434941805,142.62494588803526,FALSE
github-stars,Vue,ARIMA,2026-04-01,257.471952408703,10.606795308429453,5754.916978517537,1.2453417894739514,29752.93345242945,142.62494588803526,FALSE
github-stars,Vue,ARIMA,2026-05-01,246.9690209508448,7.9876127315368395,6840.4869652273355,0.5522288198041918,39612.12569823119,142.62494588803526,FALSE
github-stars,Vue,ARIMA,2026-06-01,263.52445959893475,6.840006634100042,8924.144198445021,0.21720296058696453,57485.87112325598,142.62494588803526,FALSE
github-stars,Vue,ARIMA,2026-07-01,247.22508138920762,5.081836669649272,10130.099267786161,0,72170.93636163691,142.62494588803526,FALSE
github-stars,Vue,ARIMA,2026-08-01,265.1535211180797,4.441260046860953,13017.619987555663,0,102068.64800393816,142.62494588803526,FALSE
github-stars,Vue,ARIMA,2026-09-01,296.56440328311237,4.117125109332383,17302.57812431655,0,148672.94980279647,142.62494588803526,FALSE
github-stars,Vue,ARIMA,2026-10-01,296.56440328311237,3.6432391681314145,19068.5699478405,0,172496.1117431059,142.62494588803526,FALSE
github-stars,Vue,ARIMA,2026-11-01,296.56440328311237,3.2225977010329374,20968.218564102106,0,199458.637591287,142.62494588803526,FALSE
github-stars,Vue,ARIMA,2026-12-01,296.56440328311237,2.8480335945057034,23009.343316040817,0,229905.386044852,142.62494588803526,FALSE
github-stars,Vue,ARIMA,2027-01-01,296.56440328311237,2.5135162594931004,25200.128317536004,0,264213.29511070665,142.62494588803526,FALSE
github-stars,Vue,ARIMA,2027-02-01,296.56440328311237,2.2139431679445596,27549.136848829974,0,302793.9492115556,142.62494588803526,FALSE
github-stars,Vue,ARIMA,2027-03-01,296.56440328311237,1.9449748394274349,30065.32617562524,0,346096.325529919,142.62494588803526,FALSE
github-stars,Vue,ARIMA,2027-04-01,296.56440328311237,1.702903150814408,32758.062815312307,0,394609.7306606699,142.62494588803526,FALSE
github-stars,Vue,ARIMA,2027-05-01,296.56440328311237,1.484545444732169,35637.138271517804,0,448866.9392517718,142.62494588803526,FALSE
github-stars,Vue,ARIMA,2027-06-01,296.56440328311237,1.2871587863156013,38712.78525662915,0,509447.5469525064,142.62494588803526,FALSE
github-stars,Vue,ARIMA,2027-07-01,296.56440328311237,1.1083700829817265,41995.69442093965,0,576981.5506602535,142.62494588803526,FALSE
github-stars,Vue,ARIMA,2027-08-01,296.56440328311237,0.9461187874501934,45497.03160640878,0,652153.1697620729,142.62494588803526,FALSE
github-stars,Vue,ARIMA,2027-09-01,296.56440328311237,0.7986096523993139,49228.45564265028,0,735704.9228074022,142.62494588803526,FALSE
github-stars,Vue,ETS,2025-10-01,264.4017137821893,78.98889936915208,879.5980609065331,41.39314926616281,1660.543690379829,132.83171586425595,TRUE
github-stars,Vue,ETS,2025-11-01,264.4017137821893,54.429710735994654,1269.7637969465793,23.192852047887914,2910.524012923168,132.83171586425595,TRUE
github-stars,Vue,ETS,2025-12-01,264.4017137821893,40.233028743345265,1707.292401146771,14.38747259435784,4576.624378960769,132.83171586425595,TRUE
github-stars,Vue,ETS,2026-01-01,264.4017137821893,30.9547544355316,2203.3063989313787,9.419606965135106,6759.146511688482,132.83171586425595,TRUE
github-stars,Vue,ETS,2026-02-01,264.4017137821893,24.456226077776044,2766.0271886851847,6.359347291843477,9570.238709795789,132.83171586425595,TRUE
github-stars,Vue,ETS,2026-03-01,264.4017137821893,19.692679541600715,3403.009110415785,4.360816135416144,13138.430247043016,132.83171586425595,TRUE
github-stars,Vue,ETS,2026-04-01,264.4017137821893,16.085044111518613,4121.791209595666,2.999323477953854,17611.49623012762,132.83171586425595,TRUE
github-stars,Vue,ETS,2026-05-01,264.4017137821893,13.284287077207837,4930.157522794043,2.041351707340985,23159.119728509235,132.83171586425595,TRUE
github-stars,Vue,ETS,2026-06-01,264.4017137821893,11.06695982481912,5836.267273704464,1.3497630439375377,29975.66929023144,132.83171586425595,TRUE
github-stars,Vue,ETS,2026-07-01,264.4017137821893,9.283329747047613,6848.733637953818,0.8398731801731196,38283.19830104558,132.83171586425595,TRUE
github-stars,Vue,ETS,2026-08-01,264.4017137821893,7.829392908191685,7976.679825888422,0.4572674405196197,48334.71911371807,132.83171586425595,TRUE
github-stars,Vue,ETS,2026-09-01,264.4017137821893,6.630778244250578,9229.784518157743,0.16583054261877503,60417.789098027846,132.83171586425595,TRUE
github-stars,Vue,ETS,2026-10-01,264.4017137821893,5.6330099155557685,10618.322234590883,0,74858.44122712908,132.83171586425595,TRUE
github-stars,Vue,ETS,2026-11-01,264.4017137821893,4.795367963740292,12153.20144488338,0,92025.49123265214,132.83171586425595,TRUE
github-stars,Vue,ETS,2026-12-01,264.4017137821893,4.086882344827434,13846.001936293596,0,112335.25438739079,132.83171586425595,TRUE
github-stars,Vue,ETS,2027-01-01,264.4017137821893,3.4836419153887577,15709.012308691623,0,136256.70676726283,132.83171586425595,TRUE
github-stars,Vue,ETS,2027-02-01,264.4017137821893,2.966941092087518,17755.26812785783,0,164317.12807327544,132.83171586425595,TRUE
github-stars,Vue,ETS,2027-03-01,264.4017137821893,2.521975494046259,19998.591081083778,0,197108.26562325406,132.83171586425595,TRUE
github-stars,Vue,ETS,2027-04-01,264.4017137821893,2.1369063594949504,22453.62937244446,0,235293.0618953864,132.83171586425595,TRUE
github-stars,Vue,ETS,2027-05-01,264.4017137821893,1.8021781122132687,25135.89953237425,0,279612.99099945143,132.83171586425595,TRUE
github-stars,Vue,ETS,2027-06-01,264.4017137821893,1.5100130754665342,28061.829778458767,0,330896.05266169884,132.83171586425595,TRUE
github-stars,Vue,ETS,2027-07-01,264.4017137821893,1.2540322918916789,31248.805041350377,0,390065.4757386758,132.83171586425595,TRUE
github-stars,Vue,ETS,2027-08-01,264.4017137821893,1.0289675070658313,34715.21375562899,0,458149.1869314371,132.83171586425595,TRUE
github-stars,Vue,ETS,2027-09-01,264.4017137821893,0.830439979534209,38480.4965068931,0,536290.1042646396,132.83171586425595,TRUE
github-stars,Vue,PROPHET,2025-10-01,1415.5563197410877,282.8794887446828,6465.201213123616,139.69910768898566,16096.993495652778,3654.9754869222197,FALSE
github-stars,Vue,PROPHET,2025-11-01,1113.1540421769962,228.55617434959132,6383.111580350358,100.48062265319362,12053.450899058113,3654.9754869222197,FALSE
github-stars,Vue,PROPHET,2025-12-01,1033.4346165375036,205.7138976703106,5663.729433750601,89.00447125195248,13171.379968969271,3654.9754869222197,FALSE
github-stars,Vue,PROPHET,2026-01-01,1028.656627892514,195.18425542702752,5497.548442070142,80.54689550158962,11252.09483146985,3654.9754869222197,FALSE
github-stars,Vue,PROPHET,2026-02-01,847.4470512929295,169.72134753713917,4310.71816501155,69.6197490613294,11940.680336678946,3654.9754869222197,FALSE
github-stars,Vue,PROPHET,2026-03-01,885.962612383315,184.797050638233,4318.338443395936,81.84939259175114,9859.147408923454,3654.9754869222197,FALSE
github-stars,Vue,PROPHET,2026-04-01,944.4975938018207,187.56400658110059,4741.43050599338,95.229490238332,9685.140322201982,3654.9754869222197,FALSE
github-stars,Vue,PROPHET,2026-05-01,1254.6640631563625,257.79536911636467,5836.455787374947,115.94216844349398,15059.301109820455,3654.9754869222197,FALSE
github-stars,Vue,PROPHET,2026-06-01,1006.6495046188111,180.19562263407158,5127.639413301106,78.46685944699114,11126.190463484258,3654.9754869222197,FALSE
github-stars,Vue,PROPHET,2026-07-01,804.0217761974809,176.8821093311214,4069.2665830450615,70.59534508430406,9041.743358496684,3654.9754869222197,FALSE
github-stars,Vue,PROPHET,2026-08-01,685.9239978370427,140.26666375113825,3095.928617774787,66.80750558746122,7150.561178298753,3654.9754869222197,FALSE
github-stars,Vue,PROPHET,2026-09-01,814.5361448022405,147.4090391437009,3995.4430169679813,74.82388160339848,10453.905115621006,3654.9754869222197,FALSE
github-stars,Vue,PROPHET,2026-10-01,2771.446100615047,563.8286580261487,14902.438156370055,244.3068182640043,30635.737849667963,3654.9754869222197,FALSE
github-stars,Vue,PROPHET,2026-11-01,1497.9087118899533,274.6954520230131,7158.560067512241,140.3978967685227,17270.351415455138,3654.9754869222197,FALSE
github-stars,Vue,PROPHET,2026-12-01,1132.7938346905344,221.67582215410692,5465.29830636549,89.11096120794797,13723.293939910433,3654.9754869222197,FALSE
github-stars,Vue,PROPHET,2027-01-01,1260.4425158005765,242.64479647314974,6404.146274049249,118.5777425711432,15555.951258123334,3654.9754869222197,FALSE
github-stars,Vue,PROPHET,2027-02-01,1200.394335036523,249.71404144052337,5959.133785396237,130.37812824523579,16797.799405302478,3654.9754869222197,FALSE
github-stars,Vue,PROPHET,2027-03-01,861.8295033447973,164.41598185878803,4120.757142861377,71.80365377247689,8289.352012705722,3654.9754869222197,FALSE
github-stars,Vue,PROPHET,2027-04-01,998.2169442315738,211.84831969023162,5546.185600109621,65.62971672928303,14330.74070961701,3654.9754869222197,FALSE
github-stars,Vue,PROPHET,2027-05-01,2047.0601305295913,372.5392361198658,9947.26967076644,161.09488033273811,23582.894566277224,3654.9754869222197,FALSE
github-stars,Vue,PROPHET,2027-06-01,1574.9482271145703,301.4640451684216,8606.424004149163,140.59281531524556,17681.63731926516,3654.9754869222197,FALSE
github-stars,Vue,PROPHET,2027-07-01,914.8385823133605,166.36208133094408,4757.422022789751,75.11875201426633,11057.522590221031,3654.9754869222197,FALSE
github-stars,Vue,PROPHET,2027-08-01,689.337387179151,124.13059747809676,3569.8592529232646,49.43878929452289,9830.4876985732,3654.9754869222197,FALSE
github-stars,Vue,PROPHET,2027-09-01,668.9008468082911,128.59548366700176,3212.2336011950492,53.272592065660405,9273.037193763439,3654.9754869222197,FALSE
google-trends,Angular,ARIMA,2026-08-01,4.652074133509458,3.055668291848109,6.248479975170808,2.210582087080599,7.093566179938318,1.264114854531591,TRUE
google-trends,Angular,ARIMA,2026-09-01,3.708291523345702,1.151294778867801,6.265288267823603,0,7.618880580004645,1.264114854531591,TRUE
google-trends,Angular,ARIMA,2026-10-01,2.7112818062260278,0,6.018929969612987,0,7.76989313960111,1.264114854531591,TRUE
google-trends,Angular,ARIMA,2026-11-01,2.499450889195323,0,6.430058017232831,0,8.510795742928265,1.264114854531591,TRUE
google-trends,Angular,ARIMA,2026-12-01,0,0,3.598702673010992,0,5.965270604203702,1.264114854531591,TRUE
google-trends,Angular,ARIMA,2027-01-01,1.4426647633219662,0,6.395323123682205,0,9.017102089932557,1.264114854531591,TRUE
google-trends,Angular,ARIMA,2027-02-01,1.5896335459599005,0,6.981619596713958,0,9.83596459400427,1.264114854531591,TRUE
google-trends,Angular,ARIMA,2027-03-01,0.32204611468765165,0,6.120203749565454,0,9.189562995459575,1.264114854531591,TRUE
google-trends,Angular,ARIMA,2027-04-01,0,0,4.414508628775217,0,7.684780367213469,1.264114854531591,TRUE
google-trends,Angular,ARIMA,2027-05-01,0,0,4.657410367047657,0,8.116947316420376,1.264114854531591,TRUE
google-trends,Angular,ARIMA,2027-06-01,0,0,4.631669310770231,0,8.270641208650662,1.264114854531591,TRUE
google-trends,Angular,ARIMA,2027-07-01,0,0,4.139982413041669,0,7.949947967021055,1.264114854531591,TRUE
google-trends,Angular,ARIMA,2027-08-01,0,0,2.7553614527918677,0,6.8237599588741364,1.264114854531591,TRUE
google-trends,Angular,ARIMA,2027-09-01,0,0,2.7673857578147416,0,7.1041308520317354,1.264114854531591,TRUE
google-trends,Angular,ARIMA,2027-10-01,0,0,2.5809797420221905,0,7.176602040578379,1.264114854531591,TRUE
google-trends,Angular,ARIMA,2027-11-01,0,0,2.2925652169985513,0,7.13472735017313,1.264114854531591,TRUE
google-trends,Angular,ARIMA,2027-12-01,0,0,0,0,4.714761911441446,1.264114854531591,TRUE
google-trends,Angular,ARIMA,2028-01-01,0,0,2.3347579381306147,0,7.636481747192104,1.264114854531591,TRUE
google-trends,Angular,ARIMA,2028-02-01,0,0,2.470229342080298,0,7.987459663649654,1.264114854531591,TRUE
google-trends,Angular,ARIMA,2028-03-01,0,0,2.2851838820861428,0,8.00981863009126,1.264114854531591,TRUE
google-trends,Angular,ARIMA,2028-04-01,0,0,1.2478562276959746,0,7.172640613645633,1.264114854531591,TRUE
google-trends,Angular,ARIMA,2028-05-01,0,0,2.252490804709618,0,8.370881170695185,1.264114854531591,TRUE
google-trends,Angular,ARIMA,2028-06-01,0,0,2.2841594137727643,0,8.590214617520285,1.264114854531591,TRUE
google-trends,Angular,ARIMA,2028-07-01,0,0,1.8555787625725788,0,8.34387314737187,1.264114854531591,TRUE
google-trends,Angular,ETS,2026-08-01,5.207046961005055,3.4245813988677885,6.989512523142322,2.4810011276582107,7.9330927943519,4.385396353726969,FALSE
google-trends,Angular,ETS,2026-09-01,6.047230920718349,3.526749782736031,8.567712058700666,2.1924876649847587,9.901974176451938,4.385396353726969,FALSE
google-trends,Angular,ETS,2026-10-01,5.37970058198694,2.2928791012977903,8.46652206267609,0.6588145158189063,10.100586648154973,4.385396353726969,FALSE
google-trends,Angular,ETS,2026-11-01,5.9685975999052525,2.4043152681639417,9.532879931646564,0.5174981757656223,11.419697024044883,4.385396353726969,FALSE
google-trends,Angular,ETS,2026-12-01,3.7541573834920063,0,7.739097813044573,0,9.848597851161808,4.385396353726969,FALSE
google-trends,Angular,ETS,2027-01-01,7.733869763729242,3.3686215561467785,12.099117971311706,1.0577987413323697,14.409940786126114,4.385396353726969,FALSE
google-trends,Angular,ETS,2027-02-01,9.652861128592505,4.937881425505627,14.367840831679384,2.4419219402340904,16.863800316950922,4.385396353726969,FALSE
google-trends,Angular,ETS,2027-03-01,9.318424673453713,4.277921197882989,14.358928149024436,1.6096398366380544,17.027209510269373,4.385396353726969,FALSE
google-trends,Angular,ETS,2027-04-01,7.479803047596894,2.133559789573569,12.826046305620219,0,15.65617653114294,4.385396353726969,FALSE
google-trends,Angular,ETS,2027-05-01,7.35448381004498,1.7190638025673497,12.98990381752261,0,15.973114967285138,4.385396353726969,FALSE
google-trends,Angular,ETS,2027-06-01,6.292314506939145,0.3818491828383017,12.202779831039988,0,15.331591176378282,4.385396353726969,FALSE
google-trends,Angular,ETS,2027-07-01,6.7501721968113415,0.576852344536781,12.923492049085901,0,16.19145017641612,4.385396353726969,FALSE
google-trends,Angular,ETS,2027-08-01,5.207046961005055,0,11.632427859069114,0,15.033819043957113,4.385396353726969,FALSE
google-trends,Angular,ETS,2027-09-01,6.047230920718349,0,12.715151239072927,0,16.24493503744981,4.385396353726969,FALSE
google-trends,Angular,ETS,2027-10-01,5.37970058198694,0,12.281642559332528,0,15.93530994073633,4.385396353726969,FALSE
google-trends,Angular,ETS,2027-11-01,5.9685975999052525,0,13.096882438866476,0,16.870368493509357,4.385396353726969,FALSE
google-trends,Angular,ETS,2027-12-01,3.7541573834920063,0,11.101815951504252,0,14.991431443456438,4.385396353726969,FALSE
google-trends,Angular,ETS,2028-01-01,7.733869763729242,0.17319994427520768,15.294539583183276,0,19.29691642024955,4.385396353726969,FALSE
google-trends,Angular,ETS,2028-02-01,9.652861128592505,1.8850190984323651,17.420703158752644,0,21.53275033948085,4.385396353726969,FALSE
google-trends,Angular,ETS,2028-03-01,9.318424673453713,1.3487940990643494,17.288055247843076,0,21.5069228313523,4.385396353726969,FALSE
google-trends,Angular,ETS,2028-04-01,7.479803047596894,0,15.646237592669856,0,19.96928690511531,4.385396353726969,FALSE
google-trends,Angular,ETS,2028-05-01,7.35448381004498,0,15.713089846082351,0,20.13786860083216,4.385396353726969,FALSE
google-trends,Angular,ETS,2028-06-01,6.292314506939145,0,14.83877205099795,0,19.362993387220953,4.385396353726969,FALSE
google-trends,Angular,ETS,2028-07-01,6.7501721968113415,0,15.480476555966774,0,20.102020517285485,4.385396353726969,FALSE
google-trends,Angular,PROPHET,2026-08-01,2.7554377091019555,0.5353803048714817,4.9251811503888625,0,6.223592788875585,2.5651196004474244,FALSE
google-trends,Angular,PROPHET,2026-09-01,2.6654497095484206,0.2925335567383443,4.7442832536689155,0,6.015071582699689,2.5651196004474244,FALSE
google-trends,Angular,PROPHET,2026-10-01,0.7976708165352004,0,3.321165005626981,0,4.168182767825554,2.5651196004474244,FALSE
google-trends,Angular,PROPHET,2026-11-01,0.26397358017022854,0,2.3348522303088237,0,3.608241658524697,2.5651196004474244,FALSE
google-trends,Angular,PROPHET,2026-12-01,0,0,0,0,0.7077954888220955,2.5651196004474244,FALSE
google-trends,Angular,PROPHET,2027-01-01,0.549845412414626,0,2.6482453863282873,0,4.158424614623774,2.5651196004474244,FALSE
google-trends,Angular,PROPHET,2027-02-01,2.3119723905982568,0,4.433084138553109,0,5.802228556138072,2.5651196004474244,FALSE
google-trends,Angular,PROPHET,2027-03-01,1.3137490562793634,0,3.712556675028985,0,4.789311380660285,2.5651196004474244,FALSE
google-trends,Angular,PROPHET,2027-04-01,0,0,1.2528141943822533,0,2.3139031938354857,2.5651196004474244,FALSE
google-trends,Angular,PROPHET,2027-05-01,0,0,0.5456005002571184,0,1.7891705603022647,2.5651196004474244,FALSE
google-trends,Angular,PROPHET,2027-06-01,0,0,0,0,0.7488303704430654,2.5651196004474244,FALSE
google-trends,Angular,PROPHET,2027-07-01,0,0,0,0,0.6420015314493552,2.5651196004474244,FALSE
google-trends,Angular,PROPHET,2027-08-01,0,0,0,0,0,2.5651196004474244,FALSE
google-trends,Angular,PROPHET,2027-09-01,0,0,0,0,0,2.5651196004474244,FALSE
google-trends,Angular,PROPHET,2027-10-01,0,0,0,0,0,2.5651196004474244,FALSE
google-trends,Angular,PROPHET,2027-11-01,0,0,0,0,0,2.5651196004474244,FALSE
google-trends,Angular,PROPHET,2027-12-01,0,0,0,0,0,2.5651196004474244,FALSE
google-trends,Angular,PROPHET,2028-01-01,0,0,0,0,0,2.5651196004474244,FALSE
google-trends,Angular,PROPHET,2028-02-01,0,0,0,0,0,2.5651196004474244,FALSE
google-trends,Angular,PROPHET,2028-03-01,0,0,0,0,0,2.5651196004474244,FALSE
google-trends,Angular,PROPHET,2028-04-01,0,0,0,0,0,2.5651196004474244,FALSE
google-trends,Angular,PROPHET,2028-05-01,0,0,0,0,0,2.5651196004474244,FALSE
google-trends,Angular,PROPHET,2028-06-01,0,0,0,0,0,2.5651196004474244,FALSE
google-trends,Angular,PROPHET,2028-07-01,0,0,0,0,0,2.5651196004474244,FALSE
google-trends,React,ARIMA,2026-08-01,39.47288165916083,32.48485462599957,46.460908692322086,28.785616568763892,50.16014674955776,14.968031797053827,FALSE
google-trends,React,ARIMA,2026-09-01,38.090632454821645,28.21057179075833,47.97069311888496,22.980383607046306,53.20088130259698,14.968031797053827,FALSE
google-trends,React,ARIMA,2026-10-01,37.982734506030006,25.88320246404811,50.0822665480119,19.478097104260495,56.48737190779951,14.968031797053827,FALSE
google-trends,React,ARIMA,2026-11-01,35.90449891983359,21.933752606757764,49.87524523290942,14.538086247130718,57.270911592536464,14.968031797053827,FALSE
google-trends,React,ARIMA,2026-12-01,31.773783503837272,16.154409974348418,47.393157033326126,7.8860130840281215,55.66155392364642,14.968031797053827,FALSE
google-trends,React,ARIMA,2027-01-01,36.263071282491566,19.153193832226986,53.37294873275614,10.09577182766093,62.43037073732221,14.968031797053827,FALSE
google-trends,React,ARIMA,2027-02-01,42.5850092576942,24.10445235936325,61.065566156025156,14.321436484811244,70.84858203057716,14.968031797053827,FALSE
google-trends,React,ARIMA,2027-03-01,35.43491879898686,15.678551213273558,55.191286384700156,5.220161957050799,65.64967564092291,14.968031797053827,FALSE
google-trends,React,ARIMA,2027-04-01,33.464560016856744,12.509915255105273,54.41920477860822,1.417196378850683,65.51192365486281,14.968031797053827,FALSE
google-trends,React,ARIMA,2027-05-01,33.15547350081334,11.067462861541784,55.2434841400849,0,66.93617067058567,14.968031797053827,FALSE
google-trends,React,ARIMA,2027-06-01,34.71056755437857,11.544573275911933,57.87656183284521,0,70.1398984315647,14.968031797053827,FALSE
google-trends,React,ARIMA,2027-07-01,37.214706532247135,13.018707527880228,61.410705536614046,0.2101193634324261,74.21929370106184,14.968031797053827,FALSE
google-trends,React,ARIMA,2027-08-01,35.47930983856421,9.535352318855484,61.42326735827294,0,75.15716886677868,14.968031797053827,FALSE
google-trends,React,ARIMA,2027-09-01,34.29597946720413,6.71680980239001,61.875149132018244,0,76.47467966143681,14.968031797053827,FALSE
google-trends,React,ARIMA,2027-10-01,34.203609061482936,5.080898558908718,63.32631956405716,0,78.74295125562685,14.968031797053827,FALSE
google-trends,React,ARIMA,2027-11-01,32.424451381183715,1.8359905726878054,63.012912189679625,0,79.20546522333055,14.968031797053827,FALSE
google-trends,React,ARIMA,2027-12-01,28.88818527819067,0,60.875301469698684,0,77.80825793871745,14.968031797053827,FALSE
google-trends,React,ARIMA,2028-01-01,32.73142176375404,0,66.05854690027276,0,83.7008612557016,14.968031797053827,FALSE
google-trends,React,ARIMA,2028-02-01,38.143572617903686,3.5282734355866125,72.75887180022076,0,91.08310430392626,14.968031797053827,FALSE
google-trends,React,ARIMA,2028-03-01,32.022448314703006,0,67.87967359912044,0,86.86134206856599,14.968031797053827,FALSE
google-trends,React,ARIMA,2028-04-01,30.335642938327112,0,67.39319645597865,0,87.01028030954951,14.968031797053827,FALSE
google-trends,React,ARIMA,2028-05-01,30.071036917456304,0,68.29124021793277,0,88.5237936888152,14.968031797053827,FALSE
google-trends,React,ARIMA,2028-06-01,31.40233811707244,0,70.75085280245663,0,91.5806982408223,14.968031797053827,FALSE
google-trends,React,ARIMA,2028-07-01,33.54610763223386,0,73.99146923974133,0,95.40195036512219,14.968031797053827,FALSE
google-trends,React,ETS,2026-08-01,41.49909875333625,33.41305054072026,49.585146965952234,29.13255518218702,53.86564232448548,9.320439887219008,TRUE
google-trends,React,ETS,2026-09-01,41.49909875333625,30.064272218915896,52.9339252877566,24.011040699735542,58.98715680693695,9.320439887219008,TRUE
google-trends,React,ETS,2026-10-01,41.49909875333625,27.494587335660256,55.50361017101224,20.081046809354863,62.91715069731764,9.320439887219008,TRUE
google-trends,React,ETS,2026-11-01,41.49909875333625,25.3282168286127,57.6699806780598,16.767869029279645,66.23032847739285,9.320439887219008,TRUE
google-trends,React,ETS,2026-12-01,41.49909875333625,23.419593660583175,59.57860384608932,13.848881787586464,69.14931571908603,9.320439887219008,TRUE
google-trends,React,ETS,2027-01-01,41.49909875333625,21.694059329633557,61.304138177038936,11.209904758744493,71.78829274792801,9.320439887219008,TRUE
google-trends,React,ETS,2027-02-01,41.49909875333625,20.10726225550485,62.89093525116765,8.783108054123275,74.21508945254922,9.320439887219008,TRUE
google-trends,React,ETS,2027-03-01,41.49909875333625,18.630304492914803,64.3678930137577,6.524296080269373,76.47390142640313,9.320439887219008,TRUE
google-trends,React,ETS,2027-04-01,41.49909875333625,17.24311324251813,65.75508426415436,4.402770139726222,78.59542736694627,9.320439887219008,TRUE
google-trends,React,ETS,2027-05-01,41.49909875333625,15.931073501538801,67.06712400513369,2.3961785145878665,80.60201899208462,9.320439887219008,TRUE
google-trends,React,ETS,2027-06-01,41.49909875333625,14.683152052686548,68.31504545398595,0.4876473551365734,82.51055015153592,9.320439887219008,TRUE
google-trends,React,ETS,2027-07-01,41.49909875333625,13.490777139436943,69.50742036723555,0,84.33413021563203,9.320439887219008,TRUE
google-trends,React,ETS,2027-08-01,41.49909875333625,12.347132064909335,70.65106544176317,0,86.08318442260669,9.320439887219008,TRUE
google-trends,React,ETS,2027-09-01,41.49909875333625,11.246689857866688,71.75150764880581,0,87.76616554553544,9.320439887219008,TRUE
google-trends,React,ETS,2027-10-01,41.49909875333625,10.184895487817592,72.8133020188549,0,89.39003990239698,9.320439887219008,TRUE
google-trends,React,ETS,2027-11-01,41.49909875333625,9.157942182648291,73.84025532402421,0,90.96062944873401,9.320439887219008,TRUE
google-trends,React,ETS,2027-12-01,41.49909875333625,8.162609878451924,74.83558762822057,0,92.48285884731862,9.320439887219008,TRUE
google-trends,React,ETS,2028-01-01,41.49909875333625,7.1961459259072384,75.80205158076527,0,93.96093791200211,9.320439887219008,TRUE
google-trends,React,ETS,2028-02-01,41.49909875333625,6.256175281292194,76.74202222538031,0,95.39849895870684,9.320439887219008,TRUE
google-trends,React,ETS,2028-03-01,41.49909875333625,5.340631736164639,77.65756577050786,0,96.7987019805537,9.320439887219008,TRUE
google-trends,React,ETS,2028-04-01,41.49909875333625,4.447704458284136,78.55049304838836,0,98.16431640646678,9.320439887219008,TRUE
google-trends,React,ETS,2028-05-01,41.49909875333625,3.575795872614563,79.42240163405793,0,99.4977855166211,9.320439887219008,TRUE
google-trends,React,ETS,2028-06-01,41.49909875333625,2.723488073960901,80.2747094327116,0,100,9.320439887219008,TRUE
google-trends,React,ETS,2028-07-01,41.49909875333625,1.8895157495476198,81.10868175712488,0,100,9.320439887219008,TRUE
google-trends,React,PROPHET,2026-08-01,30.57176012540412,12.786516013376456,48.47335175730386,4.499590886670316,57.667338088791816,22.308185170589006,FALSE
google-trends,React,PROPHET,2026-09-01,28.482118464086703,10.248181555304248,44.9445949390604,3.7582520993675237,55.62885803723619,22.308185170589006,FALSE
google-trends,React,PROPHET,2026-10-01,27.532622211324558,10.33810650755014,45.356713453372066,0,54.42357575423247,22.308185170589006,FALSE
google-trends,React,PROPHET,2026-11-01,26.282612340907487,8.15694054403139,43.45654474494552,0,54.61629886761255,22.308185170589006,FALSE
google-trends,React,PROPHET,2026-12-01,21.70649995961074,4.130309816124296,39.06591552791564,0,49.75151494334639,22.308185170589006,FALSE
google-trends,React,PROPHET,2027-01-01,32.204130586057396,15.076804607621103,49.919755392880134,4.361242501099676,60.194592431961944,22.308185170589006,FALSE
google-trends,React,PROPHET,2027-02-01,40.72254992385822,23.386843980269163,58.9823420849987,14.422341707118964,67.63280331744305,22.308185170589006,FALSE
google-trends,React,PROPHET,2027-03-01,33.11559649988242,15.927104443592164,50.2939696574103,8.38392514162312,59.248523229529965,22.308185170589006,FALSE
google-trends,React,PROPHET,2027-04-01,32.12173197400279,14.646760258398448,50.632354020505964,4.051376982980975,61.52336505538021,22.308185170589006,FALSE
google-trends,React,PROPHET,2027-05-01,29.18076024701754,12.603422807301573,46.85689282476784,0.9057330388792602,56.73963132101978,22.308185170589006,FALSE
google-trends,React,PROPHET,2027-06-01,31.288815041222314,13.990411272690197,48.08632944435328,2.2876034660017845,57.57054366089349,22.308185170589006,FALSE
google-trends,React,PROPHET,2027-07-01,32.8680813383848,15.063463230842487,50.72529932161422,4.260606521708724,60.742797740764885,22.308185170589006,FALSE
google-trends,React,PROPHET,2027-08-01,21.934908099864266,3.395149432139509,39.72741004782467,0,49.122002827784456,22.308185170589006,FALSE
google-trends,React,PROPHET,2027-09-01,18.29928930222956,0.0075858075052325676,34.54526606888981,0,43.77671088092331,22.308185170589006,FALSE
google-trends,React,PROPHET,2027-10-01,16.63623798493456,0,34.03189583649972,0,44.03447835235662,22.308185170589006,FALSE
google-trends,React,PROPHET,2027-11-01,14.704314888520958,0,32.693769767639004,0,41.092724144702004,22.308185170589006,FALSE
google-trends,React,PROPHET,2027-12-01,11.426278642214154,0,29.98237189311569,0,37.264031574812186,22.308185170589006,FALSE
google-trends,React,PROPHET,2028-01-01,22.835084560918858,4.687229200027188,39.09343895923296,0,50.0216985244191,22.308185170589006,FALSE
google-trends,React,PROPHET,2028-02-01,32.45228605772682,13.903367071544391,49.94945806676603,6.155894423081864,60.4402183810542,22.308185170589006,FALSE
google-trends,React,PROPHET,2028-03-01,27.3523835428187,10.485464738407513,45.817180949857786,0,54.895306199530516,22.308185170589006,FALSE
google-trends,React,PROPHET,2028-04-01,22.098083146784223,3.623571301578602,41.22026215267393,0,49.87670085477777,22.308185170589006,FALSE
google-trends,React,PROPHET,2028-05-01,21.74320583110019,4.999808663198115,38.974606207014496,0,50.04824845499031,22.308185170589006,FALSE
google-trends,React,PROPHET,2028-06-01,20.7128607352125,3.9187163418254247,38.30995072205448,0,46.565676223987886,22.308185170589006,FALSE
google-trends,React,PROPHET,2028-07-01,21.68424982965516,3.7717825878691538,38.796642940108335,0,48.42198462962306,22.308185170589006,FALSE
google-trends,Vue,ARIMA,2026-08-01,9.88048455941022,8.160910895377217,11.600058223443224,7.250623583947995,12.510345534872446,1.9349144893189862,FALSE
google-trends,Vue,ARIMA,2026-09-01,9.800807599017034,7.3689632018419635,12.232651996192104,6.081622540362616,13.519992657671452,1.9349144893189862,FALSE
google-trends,Vue,ARIMA,2026-10-01,9.800807599017034,6.822418645554496,12.779196552479572,5.24575477267381,14.355860425360259,1.9349144893189862,FALSE
google-trends,Vue,ARIMA,2026-11-01,9.402422797051102,5.963275468985094,12.84157012511711,4.14270084612665,14.662144747975553,1.9349144893189862,FALSE
google-trends,Vue,ARIMA,2026-12-01,9.103634195576653,5.25855059048047,12.948717800672835,3.2230862830692093,14.984182108084097,1.9349144893189862,FALSE
google-trends,Vue,ARIMA,2027-01-01,9.302826596559619,5.090748544550689,13.51490464856855,2.8610091122191337,15.744644080900105,1.9349144893189862,FALSE
google-trends,Vue,ARIMA,2027-02-01,10.199192400982966,5.649628124895503,14.748756677070428,3.2412342772361784,17.157150524729754,1.9349144893189862,FALSE
google-trends,Vue,ARIMA,2027-03-01,9.163391915871543,4.299703121521402,14.027080710221684,1.7250217985627083,16.60176203318038,1.9349144893189862,FALSE
google-trends,Vue,ARIMA,2027-04-01,9.203230396068136,4.044509403969124,14.36195138816715,1.3136474696814586,17.092813322454813,1.9349144893189862,FALSE
google-trends,Vue,ARIMA,2027-05-01,9.0837149554783565,3.6459455726929013,14.52148433826381,0.7673643434255375,17.400065567531176,1.9349144893189862,FALSE
google-trends,Vue,ARIMA,2027-06-01,9.103634195576653,3.4004535526025235,14.806814838550782,0.38137208917040155,17.825896301982905,1.9349144893189862,FALSE
google-trends,Vue,ARIMA,2027-07-01,11.39434680688076,5.437568899955683,17.351124713805838,2.284241154194312,20.504452459567208,1.9349144893189862,FALSE
google-trends,Vue,ARIMA,2027-08-01,11.34673367174953,4.922916451278622,17.770550892220434,1.522353027307176,21.171114316191883,1.9349144893189862,FALSE
google-trends,Vue,ARIMA,2027-09-01,11.314991581662042,4.455862458252393,18.17412070507169,0.8248588327080295,21.805124330616053,1.9349144893189862,FALSE
google-trends,Vue,ARIMA,2027-10-01,11.314991581662042,4.046575180464715,18.58340798285937,0.1989079577204933,22.43107520560359,1.9349144893189862,FALSE
google-trends,Vue,ARIMA,2027-11-01,11.156281131224608,3.5004270553698333,18.812135207079383,0,22.86489954580476,1.9349144893189862,FALSE
google-trends,Vue,ARIMA,2027-12-01,11.037248293396532,3.012640746583413,19.061855840209653,0,23.309826474937253,1.9349144893189862,FALSE
google-trends,Vue,ARIMA,2028-01-01,11.11660351861525,2.7394589615506,19.4937480756799,0,23.928340530660627,1.9349144893189862,FALSE
google-trends,Vue,ARIMA,2028-02-01,11.473702032099478,2.7582688483990943,20.189135215799862,0,24.802806852363943,1.9349144893189862,FALSE
google-trends,Vue,ARIMA,2028-03-01,11.061054860962148,2.019981903113967,20.10212781881033,0,24.888182738919355,1.9349144893189862,FALSE
google-trends,Vue,ARIMA,2028-04-01,11.076925906005892,1.7215410994508176,20.432310712560966,0,25.384752274716316,1.9349144893189862,FALSE
google-trends,Vue,ARIMA,2028-05-01,11.029312770874661,1.3698381718962356,20.688787369853088,0,25.80220434432599,1.9349144893189862,FALSE
google-trends,Vue,ARIMA,2028-06-01,11.037248293396532,1.0829691041283667,20.991527482664697,0,26.261004580355845,1.9349144893189862,FALSE
google-trends,Vue,ARIMA,2028-07-01,11.94983338341178,1.7092328723340646,22.190433894489495,0,27.6114803443325,1.9349144893189862,FALSE
google-trends,Vue,ETS,2026-08-01,9.670229878471156,7.849746767364776,11.490712989577537,6.886041221407121,12.454418535535192,3.03754719143142,FALSE
google-trends,Vue,ETS,2026-09-01,9.670229878471156,7.1683921066907414,12.17206765025157,5.843999190853227,13.496460566089086,3.03754719143142,FALSE
google-trends,Vue,ETS,2026-10-01,9.670229878471156,6.636383192366069,12.704076564576244,5.030361769180299,14.310097987762013,3.03754719143142,FALSE
google-trends,Vue,ETS,2026-11-01,9.670229878471156,6.184651132656562,13.15580862428575,4.339497201966036,15.000962554976276,3.03754719143142,FALSE
google-trends,Vue,ETS,2026-12-01,9.670229878471156,5.785092471408433,13.55536728553388,3.728424962024927,15.612034794917385,3.03754719143142,FALSE
google-trends,Vue,ETS,2027-01-01,9.670229878471156,5.422957088757539,13.917502668184774,3.174586687697073,16.16587306924524,3.03754719143142,FALSE
google-trends,Vue,ETS,2027-02-01,9.670229878471156,5.089361005787142,14.25109875115517,2.6643955057076347,16.676064251234678,3.03754719143142,FALSE
google-trends,Vue,ETS,2027-03-01,9.670229878471156,4.778461986674884,14.561997770267428,2.188916487405388,17.151543269536923,3.03754719143142,FALSE
google-trends,Vue,ETS,2027-04-01,9.670229878471156,4.486174845421009,14.854284911521304,1.7419018799531143,17.598557876989197,3.03754719143142,FALSE
google-trends,Vue,ETS,2027-05-01,9.670229878471156,4.209510139812506,15.130949617129806,1.3187797260227647,18.021680030919548,3.03754719143142,FALSE
google-trends,Vue,ETS,2027-06-01,9.670229878471156,3.9462021407099375,15.394257616232375,0.9160848919190503,18.42437486502326,3.03754719143142,FALSE
google-trends,Vue,ETS,2027-07-01,9.670229878471156,3.6944849858955493,15.645974771046763,0.5311167244326018,18.80934303250971,3.03754719143142,FALSE
google-trends,Vue,ETS,2027-08-01,9.670229878471156,3.4529506906248306,15.887509066317481,0.16172189671788573,19.178737860224427,3.03754719143142,FALSE
google-trends,Vue,ETS,2027-09-01,9.670229878471156,3.2204551554199172,16.120004601522396,0,19.534309097324318,3.03754719143142,FALSE
google-trends,Vue,ETS,2027-10-01,9.670229878471156,2.9960537153335425,16.34440604160877,0,19.877501484172456,3.03754719143142,FALSE
google-trends,Vue,ETS,2027-11-01,9.670229878471156,2.778955617851575,16.561504139090736,0,20.209524372378283,3.03754719143142,FALSE
google-trends,Vue,ETS,2027-12-01,9.670229878471156,2.568491048187296,16.77196870875502,0,20.531402155258142,3.03754719143142,FALSE
google-trends,Vue,ETS,2028-01-01,9.670229878471156,2.36408671726461,16.976373039677704,0,20.84401160279311,3.03754719143142,FALSE
google-trends,Vue,ETS,2028-02-01,9.670229878471156,2.1652474420807284,17.175212314861582,0,21.14811003203333,3.03754719143142,FALSE
google-trends,Vue,ETS,2028-03-01,9.670229878471156,1.9715420130610743,17.368917743881237,0,21.444356921113496,3.03754719143142,FALSE
google-trends,Vue,ETS,2028-04-01,9.670229878471156,1.7825921885480147,17.557867568394297,0,21.733330740729862,3.03754719143142,FALSE
google-trends,Vue,ETS,2028-05-01,9.670229878471156,1.5980640101319956,17.742395746810317,0,22.015542236195117,3.03754719143142,FALSE
google-trends,Vue,ETS,2028-06-01,9.670229878471156,1.41766086728056,17.922798889661752,0,22.291445034172966,3.03754719143142,FALSE
google-trends,Vue,ETS,2028-07-01,9.670229878471156,1.2411178989713623,18.09934185797095,0,22.561444204641603,3.03754719143142,FALSE
google-trends,Vue,PROPHET,2026-08-01,3.041908783425456,1.0413213418525178,5.01994572997733,0,6.223525006526402,1.8498308192029285,TRUE
google-trends,Vue,PROPHET,2026-09-01,2.858477640992717,0.828035259903381,4.80692908950726,0,5.811403744885918,1.8498308192029285,TRUE
google-trends,Vue,PROPHET,2026-10-01,2.2822932243389467,0.2782231973778698,4.327075529708578,0,5.122666393004154,1.8498308192029285,TRUE
google-trends,Vue,PROPHET,2026-11-01,2.4707769465049707,0.4218605757764198,4.3260338647004115,0,5.33403211203792,1.8498308192029285,TRUE
google-trends,Vue,PROPHET,2026-12-01,0.9006537125290053,0,2.9303192546968755,0,4.107219875298978,1.8498308192029285,TRUE
google-trends,Vue,PROPHET,2027-01-01,2.6650782344466717,0.762058785255159,4.654676855811181,0,5.570224210308895,1.8498308192029285,TRUE
google-trends,Vue,PROPHET,2027-02-01,3.9296020988547697,1.7878494424878077,5.919879836607528,1.1554433456619944,6.903210513493901,1.8498308192029285,TRUE
google-trends,Vue,PROPHET,2027-03-01,2.5435787635370137,0.546994420633312,4.397205021959134,0,5.742521070242236,1.8498308192029285,TRUE
google-trends,Vue,PROPHET,2027-04-01,1.8844339427994574,0,3.9062722000152372,0,5.393634933651005,1.8498308192029285,TRUE
google-trends,Vue,PROPHET,2027-05-01,1.533066234485109,0,3.6547213863481054,0,4.677792482724872,1.8498308192029285,TRUE
google-trends,Vue,PROPHET,2027-06-01,1.1847088533586556,0,3.180035035790769,0,4.126119593309335,1.8498308192029285,TRUE
google-trends,Vue,PROPHET,2027-07-01,3.0945698768428755,1.0365587478742655,5.091332918005846,0.07186345437017772,6.030431837417972,1.8498308192029285,TRUE
google-trends,Vue,PROPHET,2027-08-01,0,0,1.5252694650526064,0,2.2603071259282226,1.8498308192029285,TRUE
google-trends,Vue,PROPHET,2027-09-01,0,0,1.1469435258854588,0,2.365753330307465,1.8498308192029285,TRUE
google-trends,Vue,PROPHET,2027-10-01,0,0,0.6285558199262608,0,1.8937703718909078,1.8498308192029285,TRUE
google-trends,Vue,PROPHET,2027-11-01,0,0,1.066179030280222,0,2.217926404516976,1.8498308192029285,TRUE
google-trends,Vue,PROPHET,2027-12-01,0,0,0,0,0.38142570256820985,1.8498308192029285,TRUE
google-trends,Vue,PROPHET,2028-01-01,0,0,1.6068640763517112,0,2.59356487308901,1.8498308192029285,TRUE
google-trends,Vue,PROPHET,2028-02-01,0.609024731845027,0,2.6709430435759276,0,3.6910843902206083,1.8498308192029285,TRUE
google-trends,Vue,PROPHET,2028-03-01,0,0,1.828474318876827,0,2.9045839659164017,1.8498308192029285,TRUE
google-trends,Vue,PROPHET,2028-04-01,0,0,0.694300285100648,0,1.7130390912798308,1.8498308192029285,TRUE
google-trends,Vue,PROPHET,2028-05-01,0,0,0.4141877582031602,0,1.552741901738228,1.8498308192029285,TRUE
google-trends,Vue,PROPHET,2028-06-01,0,0,0.2170921143886357,0,1.718547318551468,1.8498308192029285,TRUE
google-trends,Vue,PROPHET,2028-07-01,0,0,0,0,0.8267048436546154,1.8498308192029285,TRUE
npm-downloads,Angular,ARIMA,2026-08-01,24496353.964248527,22570737.71945318,26586253.619007055,21613430.617482826,27763818.14517792,1651598.5048393304,TRUE
npm-downloads,Angular,ARIMA,2026-09-01,26258466.54291225,23788898.562787216,28984404.768006455,22577043.99878525,30540183.41028375,1651598.5048393304,TRUE
npm-downloads,Angular,ARIMA,2026-10-01,26589905.571070965,23692881.098158184,29841160.93754431,22289334.846927278,31720241.19625864,1651598.5048393304,TRUE
npm-downloads,Angular,ARIMA,2026-11-01,27536063.871144656,23971942.68654985,31630094.519259725,22275938.025897697,34038288.82052669,1651598.5048393304,TRUE
npm-downloads,Angular,ARIMA,2026-12-01,27803855.75334912,23691603.62702007,32629888.892687798,21766960.318485,35515036.6320218,1651598.5048393304,TRUE
npm-downloads,Angular,ARIMA,2027-01-01,27822565.313367996,23193007.303918514,33376229.72083212,21062783.314452976,36751797.08638057,1651598.5048393304,TRUE
npm-downloads,Angular,ARIMA,2027-02-01,29772233.66633309,24244370.16595695,36560483.53307942,21746582.00530503,40759779.826761335,1651598.5048393304,TRUE
npm-downloads,Angular,ARIMA,2027-03-01,36211140.78805615,28791027.039753534,45543589.44714165,25499990.36038989,51421459.15121857,1651598.5048393304,TRUE
npm-downloads,Angular,ARIMA,2027-04-01,34693070.59367499,26913234.5007695,44721831.74171717,23528208.495423272,51156004.595665306,1651598.5048393304,TRUE
npm-downloads,Angular,ARIMA,2027-05-01,36269823.07989256,27429629.649328988,47959089.50341279,23658875.933160096,55602813.22076125,1651598.5048393304,TRUE
npm-downloads,Angular,ARIMA,2027-06-01,39993571.34108484,29465317.20178961,54283676.42875552,25065424.549966477,63812433.598930046,1651598.5048393304,TRUE
npm-downloads,Angular,ARIMA,2027-07-01,40304165.28266757,28907512.097518884,56193896.214919575,24243881.38076519,67003533.92185385,1651598.5048393304,TRUE
npm-downloads,Angular,ARIMA,2027-08-01,41573505.702017255,28270744.798226025,61135862.61811251,23050428.94257179,74981527.0586405,1651598.5048393304,TRUE
npm-downloads,Angular,ARIMA,2027-09-01,44089366.21365452,28756964.38033344,67596571.71173218,22934918.163486756,84756011.76132645,1651598.5048393304,TRUE
npm-downloads,Angular,ARIMA,2027-10-01,44524083.16848935,27842086.847918224,71201342.87446629,21715370.397617046,91289898.43318512,1651598.5048393304,TRUE
npm-downloads,Angular,ARIMA,2027-11-01,46592459.56999687,27815261.250498954,78045546.88721332,21168374.168712255,102551912.62893698,1651598.5048393304,TRUE
npm-downloads,Angular,ARIMA,2027-12-01,49643724.34943823,28298131.294193752,87090533.49001387,21015296.80385709,117271687.91787621,1651598.5048393304,TRUE
npm-downloads,Angular,ARIMA,2028-01-01,50194445.88296749,27293469.996074613,92310812.02372278,19769223.358642735,127444680.29755297,1651598.5048393304,TRUE
npm-downloads,Angular,ARIMA,2028-02-01,53987721.2605413,27961688.537806638,104238126.34707798,19738139.65317223,147667107.37137094,1651598.5048393304,TRUE
npm-downloads,Angular,ARIMA,2028-03-01,61399399.151443,30260961.57475958,124579193.38760515,20807398.061174944,181180084.40487626,1651598.5048393304,TRUE
npm-downloads,Angular,ARIMA,2028-04-01,61649966.50936875,28883226.503525607,131589119.13701689,19334441.03343442,196577613.5664697,1651598.5048393304,TRUE
npm-downloads,Angular,ARIMA,2028-05-01,65001045.05832531,28916520.761536695,146114944.06564727,18833366.89645989,224343091.10678816,1651598.5048393304,TRUE
npm-downloads,Angular,ARIMA,2028-06-01,69254131.35838021,29223757.310045496,164117659.6317402,18508735.553279683,259128159.0937902,1651598.5048393304,TRUE
npm-downloads,Angular,ARIMA,2028-07-01,71982005.71358755,28782807.206643436,180017502.96679607,17717261.97269988,292449758.22629124,1651598.5048393304,TRUE
npm-downloads,Angular,ETS,2026-08-01,25002659.937828165,23216646.44295141,26926068.12811562,22323426.872658674,28003451.585238934,2070502.0050855526,FALSE
npm-downloads,Angular,ETS,2026-09-01,25152608.21040188,23095352.153613854,27393117.688561767,22075321.47978603,28658866.867978055,2070502.0050855526,FALSE
npm-downloads,Angular,ETS,2026-10-01,26557609.969119765,24087153.515449867,29281444.42497604,22873805.257924907,30834687.9203343,2070502.0050855526,FALSE
npm-downloads,Angular,ETS,2026-11-01,25661497.69924721,22969667.548011992,28668785.147915922,21660958.0277753,30400892.822248235,2070502.0050855526,FALSE
npm-downloads,Angular,ETS,2026-12-01,23640825.06311241,20869199.39687972,26780548.629007243,19536055.8752347,28608057.44882762,2070502.0050855526,FALSE
npm-downloads,Angular,ETS,2027-01-01,26906745.739062853,23411298.49303193,30924084.19636215,21748674.304412443,33288142.29823515,2070502.0050855526,FALSE
npm-downloads,Angular,ETS,2027-02-01,27834156.499861322,23859353.524044257,32471134.082315076,21990428.16634619,35230794.99159151,2070502.0050855526,FALSE
npm-downloads,Angular,ETS,2027-03-01,30971193.48618838,26144808.567220055,36688538.85855585,23902237.114300996,40130755.09548864,2070502.0050855526,FALSE
npm-downloads,Angular,ETS,2027-04-01,29440726.82997679,24467103.043564983,35425378.87395091,22183975.27867442,39071283.799019,2070502.0050855526,FALSE
npm-downloads,Angular,ETS,2027-05-01,30818139.207549464,25207541.436134126,37677522.23569363,22663626.625649154,41906695.55979106,2070502.0050855526,FALSE
npm-downloads,Angular,ETS,2027-06-01,31231787.411132317,25137070.960304048,38804224.444320224,22408083.055328466,43530030.61489795,2070502.0050855526,FALSE
npm-downloads,Angular,ETS,2027-07-01,31843069.70097554,25214325.335621487,40214484.137159,22283663.86686428,45503337.77867249,2070502.0050855526,FALSE
npm-downloads,Angular,ETS,2027-08-01,32014657.575641483,24936184.262771573,41102451.23615155,21846586.176511925,46915261.11548703,2070502.0050855526,FALSE
npm-downloads,Angular,ETS,2027-09-01,31897352.368798357,24436239.85478195,41636564.86871822,21221485.211437,47943914.98198515,2070502.0050855526,FALSE
npm-downloads,Angular,ETS,2027-10-01,33368229.492074784,25140332.173087314,44288942.9255389,21641072.485063203,51450256.62888941,2070502.0050855526,FALSE
npm-downloads,Angular,ETS,2027-11-01,31956260.786901537,23676702.342628602,43131116.22586667,20201290.111227944,50551355.43411403,2070502.0050855526,FALSE
npm-downloads,Angular,ETS,2027-12-01,29188881.057983343,21266111.121199787,40063308.689105235,17983922.750404477,47375135.1282156,2070502.0050855526,FALSE
npm-downloads,Angular,ETS,2028-01-01,32948984.46734627,23604982.479292,45991797.481019646,19784764.717907127,54872301.19485441,2070502.0050855526,FALSE
npm-downloads,Angular,ETS,2028-02-01,33816174.75371686,23821527.871370178,48004211.86060359,19788992.83709166,57786349.93932247,2070502.0050855526,FALSE
npm-downloads,Angular,ETS,2028-03-01,37342550.67981028,25866112.04646198,53910927.30432206,21296652.26547455,65478182.28901307,2070502.0050855526,FALSE
npm-downloads,Angular,ETS,2028-04-01,35238955.18985438,24001381.218967147,51738020.66981675,19585949.998989437,63401772.72109979,2070502.0050855526,FALSE
npm-downloads,Angular,ETS,2028-05-01,36629683.94102297,24532470.29530698,54692157.923886165,19841870.05233372,67621334.47485158,2070502.0050855526,FALSE
npm-downloads,Angular,ETS,2028-06-01,36871841.9907452,24283487.803870134,55985891.98739863,19466698.161060322,69838896.40555862,2070502.0050855526,FALSE
npm-downloads,Angular,ETS,2028-07-01,37350677.60275339,24190228.062802713,57670936.65273114,19220743.03519821,72581642.53739044,2070502.0050855526,FALSE
npm-downloads,Angular,PROPHET,2026-08-01,23075174.222828377,21901642.321919557,24323606.92427929,21271567.689137112,24999928.955120347,2996448.8455344825,FALSE
npm-downloads,Angular,PROPHET,2026-09-01,23008272.202997662,21818855.862278175,24255452.69156195,21367300.795159776,24903509.92312006,2996448.8455344825,FALSE
npm-downloads,Angular,PROPHET,2026-10-01,24480172.640025396,23171394.318983667,25965126.484200735,22598011.715369035,26640151.081908185,2996448.8455344825,FALSE
npm-downloads,Angular,PROPHET,2026-11-01,24035152.162127223,22667919.37542749,25510446.9157106,21933711.018214207,26422977.03568657,2996448.8455344825,FALSE
npm-downloads,Angular,PROPHET,2026-12-01,21338185.19885505,20026518.1343823,22640916.909740012,19347088.647349965,23708371.77596599,2996448.8455344825,FALSE
npm-downloads,Angular,PROPHET,2027-01-01,24429624.296475783,22664454.716257457,26051255.063547406,21883103.565080926,27369762.987822905,2996448.8455344825,FALSE
npm-downloads,Angular,PROPHET,2027-02-01,25167397.306760307,23243714.06479035,27160175.659107946,22273932.770373836,29099900.44197038,2996448.8455344825,FALSE
npm-downloads,Angular,PROPHET,2027-03-01,28288870.455315217,25886580.92128969,30593134.055340905,24865246.00896375,33298727.379121732,2996448.8455344825,FALSE
npm-downloads,Angular,PROPHET,2027-04-01,25396076.57275304,22861633.26062455,28179128.96569557,21840819.953535832,30082002.85267171,2996448.8455344825,FALSE
npm-downloads,Angular,PROPHET,2027-05-01,27977048.039780993,24960958.93070577,31086154.733483784,23104295.61601309,34303346.99235878,2996448.8455344825,FALSE
npm-downloads,Angular,PROPHET,2027-06-01,28302252.586470526,24825819.042944048,31570929.894832406,23006757.10170971,36060549.454123326,2996448.8455344825,FALSE
npm-downloads,Angular,PROPHET,2027-07-01,27954745.219324064,24274846.813328613,31992742.592300374,21858144.1471212,36509763.0881403,2996448.8455344825,FALSE
npm-downloads,Angular,PROPHET,2027-08-01,29403369.706657786,25074833.786455337,34198775.7273803,22524960.27440212,39514446.00678783,2996448.8455344825,FALSE
npm-downloads,Angular,PROPHET,2027-09-01,28796471.01332452,24276137.51523784,33904373.1464584,21206203.80833757,39900301.39122113,2996448.8455344825,FALSE
npm-downloads,Angular,PROPHET,2027-10-01,30914770.71854752,25598088.259868406,37091387.09037198,22356287.42744928,44752943.756795935,2996448.8455344825,FALSE
npm-downloads,Angular,PROPHET,2027-11-01,30289375.4774721,24577161.412218206,37025656.211144604,21510987.320186213,45901829.91550203,2996448.8455344825,FALSE
npm-downloads,Angular,PROPHET,2027-12-01,26353593.23887685,20888610.580129292,33109257.092156805,17972833.862419475,40424138.42660073,2996448.8455344825,FALSE
npm-downloads,Angular,PROPHET,2028-01-01,30985303.39900877,23957767.616914757,39646546.11613878,20650246.603065833,49056132.82822782,2996448.8455344825,FALSE
npm-downloads,Angular,PROPHET,2028-02-01,31978612.06315686,24557149.014348246,41488811.71705184,20394320.860148743,51452188.876969166,2996448.8455344825,FALSE
npm-downloads,Angular,PROPHET,2028-03-01,35164073.87342641,25952249.491076846,46503068.42156129,21538709.55394569,58929126.411381,2996448.8455344825,FALSE
npm-downloads,Angular,PROPHET,2028-04-01,34333219.96541119,24957462.759741556,46645763.40806629,20225170.62926717,60013670.064118035,2996448.8455344825,FALSE
npm-downloads,Angular,PROPHET,2028-05-01,34279025.911840245,24265116.20707197,47692400.04212149,20010224.237968136,61612092.86407996,2996448.8455344825,FALSE
npm-downloads,Angular,PROPHET,2028-06-01,34512079.329688005,23932769.142771892,48543798.23566232,19149675.060777362,66039206.23726361,2996448.8455344825,FALSE
npm-downloads,Angular,PROPHET,2028-07-01,36822046.1067649,25065493.207698323,53417439.571522355,20330761.596754108,73916632.39928313,2996448.8455344825,FALSE
npm-downloads,React,ARIMA,2026-08-01,762503702.5209535,563657477.482233,1031498595.3616496,480339235.2870006,1210419331.7562754,152277782.93484548,TRUE
npm-downloads,React,ARIMA,2026-09-01,837635820.2445128,517024843.30814415,1357060064.4033544,400484404.70605433,1751962769.6726518,152277782.93484548,TRUE
npm-downloads,React,ARIMA,2026-10-01,946740917.5977255,489381255.52381605,1831533910.4415905,345095282.23563373,2597306918.246567,152277782.93484548,TRUE
npm-downloads,React,ARIMA,2026-11-01,1062132268.4308492,457283098.5697334,2467016512.026178,292711589.9677267,3854049488.590281,152277782.93484548,TRUE
npm-downloads,React,ARIMA,2026-12-01,1223657739.7218523,435353919.51724565,3439358635.4158945,251914301.8071035,5943839827.638288,152277782.93484548,TRUE
npm-downloads,React,ARIMA,2027-01-01,1450296970.385854,422723383.3877433,4975739177.132788,220106201.10437799,9556120113.296152,152277782.93484548,TRUE
npm-downloads,React,ARIMA,2027-02-01,1751382548.143212,414522260.9814037,7399701088.1081705,193308875.71953008,15867563276.467852,152277782.93484548,TRUE
npm-downloads,React,ARIMA,2027-03-01,2271473408.220439,432721579.47742003,11923582463.047594,179891694.96065724,28681654375.77535,152277782.93484548,TRUE
npm-downloads,React,ARIMA,2027-04-01,2653606070.1845393,403367166.6413435,17457110408.36419,148800899.00057787,47322463646.73399,152277782.93484548,TRUE
npm-downloads,React,ARIMA,2027-05-01,3006896844.616246,361624426.20291996,25002261904.01084,117845465.75053136,76722753020.26685,152277782.93484548,TRUE
npm-downloads,React,ARIMA,2027-06-01,3406312013.790521,321440852.88169146,36096723243.69624,92130151.02968012,125940978999.75447,152277782.93484548,TRUE
npm-downloads,React,ARIMA,2027-07-01,4006341345.80083,294263160.47089666,54545634956.685135,73862868.90545508,217305000571.42523,152277782.93484548,TRUE
npm-downloads,React,ARIMA,2027-08-01,4621671572.478677,245124045.97880563,87138933923.94339,51787263.77442477,412453683856.2225,152277782.93484548,TRUE
npm-downloads,React,ARIMA,2027-09-01,5312794038.569343,200366982.40412095,140870417007.549,35340480.46729364,798681266778.1605,152277782.93484548,TRUE
npm-downloads,React,ARIMA,2027-10-01,6196411516.130056,163782666.29747987,234429664158.0523,23932759.363996502,1604307865270.684,152277782.93484548,TRUE
npm-downloads,React,ARIMA,2027-11-01,7199693943.466119,131552026.7073251,394031120593.39417,15810343.02098481,3278587285967.0703,152277782.93484548,TRUE
npm-downloads,React,ARIMA,2027-12-01,8479286678.759884,105706691.9641568,680167930538.0132,10376473.205286583,6928972324810.718,152277782.93484548,TRUE
npm-downloads,React,ARIMA,2028-01-01,10131506978.283077,85097037.82034855,1206239783359.3167,6777564.003993066,15145178778924.174,152277782.93484548,TRUE
npm-downloads,React,ARIMA,2028-02-01,12221541744.699125,68328935.20526168,2185985776115.3923,4387244.0456116935,34045529959915.11,152277782.93484548,TRUE
npm-downloads,React,ARIMA,2028-03-01,15288337025.698568,56233814.05185248,4156453707192.7944,2892834.762869078,80797275822567.36,152277782.93484548,TRUE
npm-downloads,React,ARIMA,2028-04-01,18133601490.381264,43387055.74086478,7578930855166.075,1777545.71848206,184989513709673.62,152277782.93484548,TRUE
npm-downloads,React,ARIMA,2028-05-01,21177000760.89529,32598928.192635484,13757058049949.541,1057474.900186575,424090384651023.4,152277782.93484548,TRUE
npm-downloads,React,ARIMA,2028-06-01,24727812202.871426,24229341.474583738,25236536939924.266,618806.8201283999,988133434162250.6,152277782.93484548,TRUE
npm-downloads,React,ARIMA,2028-07-01,29430895654.970127,18165601.134215515,47682296062243.31,363256.60078468214,2384472113567750,152277782.93484548,TRUE
npm-downloads,React,ETS,2026-08-01,725322584.9613194,561815617.6144829,936415499.5213906,490757673.9327466,1072001274.9407408,218912253.15335724,FALSE
npm-downloads,React,ETS,2026-09-01,765482348.2367278,549937459.3460859,1065508841.8131851,461619847.8320785,1269363152.4161634,218912253.15335724,FALSE
npm-downloads,React,ETS,2026-10-01,799205333.785231,523998787.1311051,1218951610.3715942,419065831.46153224,1524173810.5402305,218912253.15335724,FALSE
npm-downloads,React,ETS,2026-11-01,827250304.4437646,491658072.89920825,1391908530.9385898,373284443.5087061,1833301862.8306553,218912253.15335724,FALSE
npm-downloads,React,ETS,2026-12-01,850393224.4046197,457325406.1256734,1581299936.7385237,329318792.60983616,2195953135.7373276,218912253.15335724,FALSE
npm-downloads,React,ETS,2027-01-01,869372864.3749654,423396357.87013406,1785110246.6818957,289295270.827354,2612587388.6111603,218912253.15335724,FALSE
npm-downloads,React,ETS,2027-02-01,884861125.4865584,391113979.7181551,2001920798.991275,253865905.62909946,3084223570.269069,218912253.15335724,FALSE
npm-downloads,React,ETS,2027-03-01,897450175.7350291,361062695.32740587,2230684109.8597827,222974821.64608446,3612142438.0597157,218912253.15335724,FALSE
npm-downloads,React,ETS,2027-04-01,907650255.7767493,333451251.5449853,2470612966.680359,196253545.9894815,4197778848.1693006,218912253.15335724,FALSE
npm-downloads,React,ETS,2027-05-01,915893730.6946036,308278046.14165545,2721119246.819826,173222037.10225967,4842694017.311078,218912253.15335724,FALSE
npm-downloads,React,ETS,2027-06-01,922542387.094216,285428824.3075679,2981774726.599712,153387831.38194183,5548578687.50604,218912253.15335724,FALSE
npm-downloads,React,ETS,2027-07-01,927896048.1401662,264734411.49909496,3252282427.57499,136291726.94678158,6317265844.702129,218912253.15335724,FALSE
npm-downloads,React,ETS,2027-08-01,932201339.5580622,246004446.4824323,3532453774.6590977,121525722.21946539,7150744025.17549,218912253.15335724,FALSE
npm-downloads,React,ETS,2027-09-01,935659952.6060053,229046604.0300465,3822189586.4298096,108736962.843088,8051167861.708736,218912253.15335724,FALSE
npm-downloads,React,ETS,2027-10-01,938436081.18503,213677050.75725284,4121464017.26651,97625035.3781295,9020865066.19171,218912253.15335724,FALSE
npm-downloads,React,ETS,2027-11-01,940662914.5190088,199725643.98212877,4430310992.422487,87936473.83390819,10062340140.60784,218912253.15335724,FALSE
npm-downloads,React,ETS,2027-12-01,942448186.0249587,187038026.69690663,4748812826.870305,79458461.49409409,11178275507.321714,218912253.15335724,FALSE
npm-downloads,React,ETS,2028-01-01,943878843.1697739,175475938.498557,5077090767.2109585,72012693.74517013,12371530819.002,218912253.15335724,FALSE
npm-downloads,React,ETS,2028-02-01,945024932.9728968,164916547.54177663,5415297212.816265,65449825.94414812,13645141132.72041,218912253.15335724,FALSE
npm-downloads,React,ETS,2028-03-01,945942807.1593846,155251289.73120824,5763609384.107613,59644648.8946836,15002314504.801477,218912253.15335724,FALSE
npm-downloads,React,ETS,2028-04-01,946677748.7160491,146384503.93739653,6122224220.687365,54491994.70358344,16446429428.423662,218912253.15335724,FALSE
npm-downloads,React,ETS,2028-05-01,947266113.3578609,138232030.14271653,6491354310.96997,49903312.1489431,17981032415.274433,218912253.15335724,FALSE
npm-downloads,React,ETS,2028-06-01,947737068.5786237,130719862.66176258,6871224676.663237,45803827.06512322,19609835923.1158,218912253.15335724,FALSE
npm-downloads,React,ETS,2028-07-01,948114001.5228922,123782905.21018173,7262070258.148904,42130199.823041745,21336716753.70257,218912253.15335724,FALSE
npm-downloads,React,PROPHET,2026-08-01,433284445.21214974,321770777.6258087,565975079.4055295,282332140.73136234,662556387.8445754,250735540.7531327,FALSE
npm-downloads,React,PROPHET,2026-09-01,435168281.978954,332616625.1951111,579166969.355008,275518114.9568988,659615101.3618008,250735540.7531327,FALSE
npm-downloads,React,PROPHET,2026-10-01,490137422.47357726,372416432.51399994,658487939.884525,313298670.5492017,752184722.6407344,250735540.7531327,FALSE
npm-downloads,React,PROPHET,2026-11-01,505661993.50118667,381554606.8739715,672510497.7091491,331711055.3874593,813566109.3758878,250735540.7531327,FALSE
npm-downloads,React,PROPHET,2026-12-01,467163838.5886959,352673388.2053758,635443257.7996383,314755729.1596846,725318177.9625111,250735540.7531327,FALSE
npm-downloads,React,PROPHET,2027-01-01,565590153.2424061,417217006.6146159,759022866.3351221,366123544.5760418,862045381.4198267,250735540.7531327,FALSE
npm-downloads,React,PROPHET,2027-02-01,478618984.1443618,364887226.56069624,632801559.6681219,306515944.5324916,765195276.628888,250735540.7531327,FALSE
npm-downloads,React,PROPHET,2027-03-01,750163659.6997495,552148942.7992353,1012995330.1827518,491931245.79946756,1200344046.7119694,250735540.7531327,FALSE
npm-downloads,React,PROPHET,2027-04-01,715755304.259418,524822283.1499228,982254909.1538763,450649805.0887504,1132972675.2159953,250735540.7531327,FALSE
npm-downloads,React,PROPHET,2027-05-01,763718347.013664,553661363.8290802,1043386040.2369013,464195221.143081,1225452878.823656,250735540.7531327,FALSE
npm-downloads,React,PROPHET,2027-06-01,798040897.5483063,582892372.929322,1097316512.351581,487214408.0136285,1265988074.5099537,250735540.7531327,FALSE
npm-downloads,React,PROPHET,2027-07-01,823063061.2663342,591737313.0659432,1138947530.9935446,503612821.49768865,1390907613.5503097,250735540.7531327,FALSE
npm-downloads,React,PROPHET,2027-08-01,821402893.2472478,599757129.5354733,1150126306.4213176,487469939.6930307,1353444402.4744487,250735540.7531327,FALSE
npm-downloads,React,PROPHET,2027-09-01,810108286.9551177,587014442.6822178,1141029998.723885,478537463.31787217,1402928494.354225,250735540.7531327,FALSE
npm-downloads,React,PROPHET,2027-10-01,932778739.2508698,668407366.1227797,1352229117.3214538,492685941.86429507,1695568401.5195718,250735540.7531327,FALSE
npm-downloads,React,PROPHET,2027-11-01,968724977.7059228,666871593.8118926,1447138310.2588603,535705614.9419724,1728765207.8949497,250735540.7531327,FALSE
npm-downloads,React,PROPHET,2027-12-01,894167139.031629,595534138.1808708,1327378899.7950625,444686120.6705102,1718499832.0112479,250735540.7531327,FALSE
npm-downloads,React,PROPHET,2028-01-01,1109447980.149661,734048317.1534765,1624487170.4798443,576335957.603238,2217766124.645742,250735540.7531327,FALSE
npm-downloads,React,PROPHET,2028-02-01,858099865.4539434,571303475.8512543,1288500531.280041,433129133.4270698,1649377975.543224,250735540.7531327,FALSE
npm-downloads,React,PROPHET,2028-03-01,1304207534.653679,854560579.9240732,2004061810.675462,610478629.9251697,2605010091.709912,250735540.7531327,FALSE
npm-downloads,React,PROPHET,2028-04-01,1409701254.8243556,863099275.3862387,2188262949.4987187,669756758.2752709,2936144409.186273,250735540.7531327,FALSE
npm-downloads,React,PROPHET,2028-05-01,1442984402.4877765,911142148.7008911,2315901070.818885,670685880.2557212,3079806580.879705,250735540.7531327,FALSE
npm-downloads,React,PROPHET,2028-06-01,1482648901.4158485,885259087.3999754,2400020672.613155,629291715.9681791,3499019762.2337513,250735540.7531327,FALSE
npm-downloads,React,PROPHET,2028-07-01,1533313249.8488154,875423817.8169631,2567562547.1145625,636385822.107267,3838116394.0679626,250735540.7531327,FALSE
npm-downloads,Vue,ARIMA,2026-08-01,58935588.82364049,41578530.18366685,83538393.67097002,34567293.7510629,100482370.35344799,8962131.067532802,TRUE
npm-downloads,Vue,ARIMA,2026-09-01,60754846.949134886,41129442.09626643,89744748.05198917,33455150.879084457,110331333.39845894,8962131.067532802,TRUE
npm-downloads,Vue,ARIMA,2026-10-01,64067796.478887334,42538356.38730295,96493679.66621462,34247414.82429628,119853791.61473274,8962131.067532802,TRUE
npm-downloads,Vue,ARIMA,2026-11-01,68090039.33310206,44471376.439642765,104252528.59290186,35493260.07280409,130623487.86605659,8962131.067532802,TRUE
npm-downloads,Vue,ARIMA,2026-12-01,72558777.83360171,46552626.46602057,113093000.88622788,36805332.07110352,143043844.72889498,8962131.067532802,TRUE
npm-downloads,Vue,ARIMA,2027-01-01,77391920.82626347,48640089.44902913,123139358.08978201,38038218.29655609,157460302.7346902,8962131.067532802,TRUE
npm-downloads,Vue,ARIMA,2027-02-01,82573070.03979409,50670677.46612865,134561292.9740022,39127980.07430085,174256678.58680162,8962131.067532802,TRUE
npm-downloads,Vue,ARIMA,2027-03-01,88110636.61074649,52612670.93404852,147559211.91935223,40044671.75876415,193870592.1483279,8962131.067532802,TRUE
npm-downloads,Vue,ARIMA,2027-04-01,94023069.13766916,54448486.460148215,162361492.0457609,40775001.195613965,216807779.30869073,8962131.067532802,TRUE
npm-downloads,Vue,ARIMA,2027-05-01,100333523.4997375,56167825.23973949,179227446.67745736,41315104.767580464,243659453.61136279,8962131.067532802,TRUE
npm-downloads,Vue,ARIMA,2027-06-01,107067980.90409064,57764660.05200837,198452695.51445684,41667070.90510253,275122589.2103973,8962131.067532802,TRUE
npm-downloads,Vue,ARIMA,2027-07-01,114254632.29688264,59235715.926158845,220375844.9795115,41836962.36642132,312023630.24381214,8962131.067532802,TRUE
npm-downloads,Vue,ARIMA,2027-08-01,121923731.6031598,60579584.8458979,245386235.3750942,41833521.69836033,355346515.6936435,8962131.067532802,TRUE
npm-downloads,Vue,ARIMA,2027-09-01,130107626.05439357,61796152.98873527,273932817.22702014,41667254.61572254,406266127.3441387,8962131.067532802,TRUE
npm-downloads,Vue,ARIMA,2027-10-01,138840857.0619307,62886211.0823905,306534344.5910123,41349762.48636022,466188490.5915393,8962131.067532802,TRUE
npm-downloads,Vue,ARIMA,2027-11-01,148160292.97045067,63851186.363185376,343791142.3745224,40893255.12983729,536799334.31616527,8962131.067532802,TRUE
npm-downloads,Vue,ARIMA,2027-12-01,158105279.92488152,64692959.9046091,386398758.7227869,40310197.60244814,620122963.4851601,8962131.067532802,TRUE
npm-downloads,Vue,ARIMA,2028-01-01,168717806.23682204,65413744.38553432,435163867.2517082,39613056.02924883,718593831.780525,8962131.067532802,TRUE
npm-downloads,Vue,ARIMA,2028-02-01,180042679.01992983,66016004.03235754,491022844.33683234,38814115.633126155,835143741.5499396,8962131.067532802,TRUE
npm-downloads,Vue,ARIMA,2028-03-01,192127713.1347069,66502403.273507684,555063518.0092304,37925350.71789661,973308270.8177862,8962131.067532802,TRUE
npm-downloads,Vue,ARIMA,2028-04-01,205023932.98190945,66875774.35006058,628550670.5307233,36958331.75962085,1137356864.6036313,8962131.067532802,TRUE
npm-downloads,Vue,ARIMA,2028-05-01,218785787.9018306,67139096.97386163,712955979.4933914,35924158.99748971,1332452071.0523798,8962131.067532802,TRUE
npm-downloads,Vue,ARIMA,2028-06-01,233471382.0541689,67295485.25899939,809993205.6088165,34833415.104905024,1564844702.7484465,8962131.067532802,TRUE
npm-downloads,Vue,ARIMA,2028-07-01,249142719.7363372,67348178.7094022,921659583.0264243,33696131.83694664,1842113323.8811455,8962131.067532802,TRUE
npm-downloads,Vue,ETS,2026-08-01,49446605.17490519,35101952.647407316,69653297.69600464,29279156.353103496,83505368.80043973,18471154.646452304,FALSE
npm-downloads,Vue,ETS,2026-09-01,49800044.9085292,35013714.92146571,70830657.99244317,29056905.446514618,85351293.26309241,18471154.646452304,FALSE
npm-downloads,Vue,ETS,2026-10-01,50147039.95220053,34928164.17571514,71997073.67056175,28842185.48791438,87189148.73091282,18471154.646452304,FALSE
npm-downloads,Vue,ETS,2026-11-01,50487647.65372177,34844784.17985444,73153059.16164975,28634160.641177814,89019635.70261677,18471154.646452304,FALSE
npm-downloads,Vue,ETS,2026-12-01,50821928.023455545,34763138.26566128,74299056.11123413,28432114.73561824,90843342.9735008,18471154.646452304,FALSE
npm-downloads,Vue,ETS,2027-01-01,51149943.53404812,34682855.7924501,75435446.58993813,28235430.880545452,92660767.81362924,18471154.646452304,FALSE
npm-downloads,Vue,ETS,2027-02-01,51471758.92747974,34603621.33449931,76562563.58997224,28043575.20095416,94472332.02370214,18471154.646452304,FALSE
npm-downloads,Vue,ETS,2027-03-01,51787441.02938633,34525165.95441582,77680699.44347823,27856083.729148194,96278394.83431147,18471154.646452304,FALSE
npm-downloads,Vue,ETS,2027-04-01,52097058.570587106,34447260.09438326,78790112.6309454,27672551.74228255,98079263.35909401,18471154.646452304,FALSE
npm-downloads,Vue,ETS,2027-05-01,52400682.015730225,34369707.736126974,79891033.32898214,27492625.01636479,99875201.13167709,18471154.646452304,FALSE
npm-downloads,Vue,ETS,2027-06-01,52698383.39895744,34292341.56586227,80983667.96127066,27315992.596967123,101666435.12658565,18471154.646452304,FALSE
npm-downloads,Vue,ETS,2027-07-01,52990236.16647911,34215018.94273986,82068202.95425579,27142380.78138065,103453161.56976147,18471154.646452304,FALSE
npm-downloads,Vue,ETS,2027-08-01,53276315.0259339,34137618.51522272,83144807.85316244,26971548.076627027,105235550.77462347,18471154.646452304,FALSE
npm-downloads,Vue,ETS,2027-09-01,53556695.80240637,34060037.36411732,84213637.91964068,26803280.949754573,107013751.18758047,18471154.646452304,FALSE
npm-downloads,Vue,ETS,2027-10-01,53831455.30095768,33982188.57685052,85274836.30642197,26637390.226081155,108787892.78760944,18471154.646452304,FALSE
npm-downloads,Vue,ETS,2027-11-01,54100671.17552837,33903999.17730841,86328535.8846512,26473708.02094554,110558089.95462562,18471154.646452304,FALSE
npm-downloads,Vue,ETS,2027-12-01,54364421.80405598,33825408.350718595,87374860.78435192,26312085.113522444,112324443.89831847,18471154.646452304,FALSE
npm-downloads,Vue,ETS,2028-01-01,54622786.169652335,33746365.91483997,88413927.69669406,26152388.68910014,114087044.72128141,18471154.646452304,FALSE
npm-downloads,Vue,ETS,2028-02-01,54875843.747680046,33666830.99793083,89445846.97751574,25994500.390175384,115845973.17627814,18471154.646452304,FALSE
npm-downloads,Vue,ETS,2028-03-01,55123674.398560904,33586770.89123325,90470723.58425345,25838314.62771591,117601302.16646808,18471154.646452304,FALSE
npm-downloads,Vue,ETS,2028-04-01,55366358.266152695,33506160.049479075,91488657.87267475,25683737.112677924,119353098.02866292,18471154.646452304,FALSE
npm-downloads,Vue,ETS,2028-05-01,55603975.681522295,33424979.21753426,92499746.275164,25530683.574837957,121101421.63268703,18471154.646452304,FALSE
npm-downloads,Vue,ETS,2028-06-01,55836607.071949296,33343214.665008012,93504081.8786159,25379078.641616743,122846329.32428838,18471154.646452304,FALSE
npm-downloads,Vue,ETS,2028-07-01,56064332.874989025,33260857.513658646,94501754.91695793,25228854.85410975,124587873.73448649,18471154.646452304,FALSE
npm-downloads,Vue,PROPHET,2026-08-01,40280218.87079922,29846986.646917958,53385827.995442,26011589.337277915,63209284.16205486,15889383.516650274,FALSE
npm-downloads,Vue,PROPHET,2026-09-01,40874540.56096905,30689113.7278563,54602824.92617472,25914967.383915808,64792186.32836052,15889383.516650274,FALSE
npm-downloads,Vue,PROPHET,2026-10-01,43112360.55233213,32148267.89613084,57225722.38503032,27355226.11536933,68655890.42406668,15889383.516650274,FALSE
npm-downloads,Vue,PROPHET,2026-11-01,53510760.49548007,40456196.319384605,71240672.25409886,34056116.25037391,80225700.02972633,15889383.516650274,FALSE
npm-downloads,Vue,PROPHET,2026-12-01,59837690.64067497,45604707.00249268,83127587.82147965,37050985.201945946,92972213.92216815,15889383.516650274,FALSE
npm-downloads,Vue,PROPHET,2027-01-01,48392641.56333521,36165821.95489901,65407560.18162284,30611212.684305992,74020464.90634704,15889383.516650274,FALSE
npm-downloads,Vue,PROPHET,2027-02-01,44728367.918854564,33311850.601983346,59657531.89020437,27969167.443909872,69543652.91591562,15889383.516650274,FALSE
npm-downloads,Vue,PROPHET,2027-03-01,58719492.258090384,43211653.0909469,78974333.38842922,36956970.339832164,95201277.29150885,15889383.516650274,FALSE
npm-downloads,Vue,PROPHET,2027-04-01,52631171.56655774,38661141.56322346,70941367.91046907,33067853.42242377,85589602.0381185,15889383.516650274,FALSE
npm-downloads,Vue,PROPHET,2027-05-01,58475993.25602056,43502902.66534155,80107113.40253648,37231910.758401304,91672893.73243791,15889383.516650274,FALSE
npm-downloads,Vue,PROPHET,2027-06-01,61527159.592299104,45681074.32535757,86313177.54707272,37139685.49971708,98227831.70437399,15889383.516650274,FALSE
npm-downloads,Vue,PROPHET,2027-07-01,70030097.94014698,50603868.73784653,98328879.86096595,42494097.7768024,116228036.02676557,15889383.516650274,FALSE
npm-downloads,Vue,PROPHET,2027-08-01,53154599.38146215,37816194.147362,74765585.39973804,32429419.921142165,86664446.72953711,15889383.516650274,FALSE
npm-downloads,Vue,PROPHET,2027-09-01,53572279.617559604,38346181.381111816,75240126.41017756,32213591.091077223,91078112.47509012,15889383.516650274,FALSE
npm-downloads,Vue,PROPHET,2027-10-01,55766471.91062346,40334504.67900359,79401030.69074756,32156074.76615644,94871151.21704087,15889383.516650274,FALSE
npm-downloads,Vue,PROPHET,2027-11-01,77016674.41570392,53834090.65359915,110070254.7338778,44228867.61537528,133261549.93524724,15889383.516650274,FALSE
npm-downloads,Vue,PROPHET,2027-12-01,89742151.6318614,62772385.76981302,128137845.85798717,51628273.3452991,154259453.89260304,15889383.516650274,FALSE
npm-downloads,Vue,PROPHET,2028-01-01,66334593.01938105,45662674.30007703,94127009.5811553,36696322.20015945,114478512.14474358,15889383.516650274,FALSE
npm-downloads,Vue,PROPHET,2028-02-01,57945637.10631453,40142747.85768661,85958115.24642757,30576750.27352154,99749830.67787156,15889383.516650274,FALSE
npm-downloads,Vue,PROPHET,2028-03-01,79000443.63146417,54132902.273573674,117598824.59463163,41827020.56900794,141634382.7985265,15889383.516650274,FALSE
npm-downloads,Vue,PROPHET,2028-04-01,78236648.60271962,51740520.226810865,118805672.68013318,40895545.40554198,144650701.58293664,15889383.516650274,FALSE
npm-downloads,Vue,PROPHET,2028-05-01,78769693.8663013,50793886.44861283,121521628.4169606,39136191.12494769,156581106.90022862,15889383.516650274,FALSE
npm-downloads,Vue,PROPHET,2028-06-01,79176962.89220655,51331612.6311147,121952611.78766963,38564769.33055444,151959456.01487574,15889383.516650274,FALSE
npm-downloads,Vue,PROPHET,2028-07-01,77081307.0160402,48320027.251525216,121098856.54251374,36904784.57832633,158370967.98647353,15889383.516650274,FALSE
