package,period,downloads,growth_abs,ma_3,ma_6,p95_6
@angular/core,2015-01-01,0,NA,NA,NA,NA
@angular/core,2015-02-01,0,0,NA,NA,NA
@angular/core,2015-03-01,0,0,0,NA,NA
@angular/core,2015-04-01,0,0,0,NA,NA
@angular/core,2015-05-01,0,0,0,NA,NA
@angular/core,2015-06-01,0,0,0,0,0
@angular/core,2015-07-01,0,0,0,0,0
@angular/core,2015-08-01,0,0,0,0,0
@angular/core,2015-09-01,0,0,0,0,0
@angular/core,2015-10-01,0,0,0,0,0
@angular/core,2015-11-01,0,0,0,0,0
@angular/core,2015-12-01,0,0,0,0,0
@angular/core,2016-01-01,0,0,0,0,0
@angular/core,2016-02-01,0,0,0,0,0
@angular/core,2016-03-01,0,0,0,0,0
@angular/core,2016-04-01,0,0,0,0,0
@angular/core,2016-05-01,0,0,0,0,0
@angular/core,2016-06-01,0,0,0,0,0
@angular/core,2016-07-01,0,0,0,0,0
@angular/core,2016-08-01,0,0,0,0,0
@angular/core,2016-09-01,0,0,0,0,0
@angular/core,2016-10-01,648388,648388,216129.33333333334,108064.66666666667,486291
@angular/core,2016-11-01,693729,45341,447372.3333333333,223686.16666666666,682393.75
@angular/core,2016-12-01,773365,79636,705160.6666666666,352580.3333333333,753456
@angular/core,2017-01-01,936740,163375,801278,508703.6666666667,895896.25
@angular/core,2017-02-01,1082831,146091,930978.6666666666,689175.5,1046308.25
@angular/core,2017-03-01,1350222,267391,1123264.3333333333,914212.5,1283374.25
@angular/core,2017-04-01,1289953,-60269,1241002,1021140,1335154.75
@angular/core,2017-05-01,1499037,209084,1379737.3333333333,1155358,1461833.25
@angular/core,2017-06-01,1605640,106603,1464876.6666666667,1294070.5,1578989.25
@angular/core,2017-07-01,1726461,120821,1610379.3333333333,1425690.6666666667,1696255.75
@angular/core,2017-08-01,1853198,126737,1728433,1554085.1666666667,1821513.75
@angular/core,2017-09-01,1885029,31831,1821562.6666666667,1643219.6666666667,1877071.25
@angular/core,2017-10-01,2168899,283870,1969042,1789710.6666666667,2097931.5
@angular/core,2017-11-01,2369837,200938,2141255,1934844,2319602.5
@angular/core,2017-12-01,2118275,-251562,2219003.6666666665,2020283.1666666667,2319602.5
@angular/core,2018-01-01,2585966,467691,2358026,2163534,2531933.75
@angular/core,2018-02-01,2523632,-62334,2409291,2275273,2570382.5
@angular/core,2018-03-01,2862202,338570,2657266.6666666665,2438135.1666666665,2793143
@angular/core,2018-04-01,2618252,-243950,2668028.6666666665,2513027.3333333335,2801214.5
@angular/core,2018-05-01,3179610,561358,2886688,2647989.5,3100258
@angular/core,2018-06-01,3110572,-69038,2969478,2813372.3333333335,3162350.5
@angular/core,2018-07-01,3433279,322707,3241153.6666666665,2954591.1666666665,3369861.75
@angular/core,2018-08-01,4107825,674546,3550558.6666666665,3218623.3333333335,3939188.5
@angular/core,2018-09-01,3785735,-322090,3775613,3372545.5,4027302.5
@angular/core,2018-10-01,4079134,293399,3990898,3616025.8333333335,4100652.25
@angular/core,2018-11-01,4072219,-6915,3979029.3333333335,3764794,4100652.25
@angular/core,2018-12-01,3606818,-465401,3919390.3333333335,3847501.6666666665,4100652.25
@angular/core,2019-01-01,4343267,736449,4007434.6666666665,3999166.3333333335,4284406.5
@angular/core,2019-02-01,4334171,-9096,4094752,4036890.6666666665,4340993
@angular/core,2019-03-01,4657378,323207,4444938.666666667,4182164.5,4578850.25
@angular/core,2019-04-01,4633421,-23957,4541656.666666667,4274545.666666667,4651388.75
@angular/core,2019-05-01,4797688,164267,4696162.333333333,4395457.166666667,4762610.5
@angular/core,2019-06-01,4633593,-164095,4688234,4566586.333333333,4762610.5
@angular/core,2019-07-01,5140042,506449,4857107.666666667,4699382.166666667,5054453.5
@angular/core,2019-08-01,5040706,-99336,4938113.666666667,4817138,5115208
@angular/core,2019-09-01,5256548,215842,5145765.333333333,4916999.666666667,5227421.5
@angular/core,2019-10-01,5982276,725728,5426510,5141808.833333333,5800844
@angular/core,2019-11-01,5633371,-348905,5624065,5281089.333333333,5895049.75
@angular/core,2019-12-01,4892260,-741111,5502635.666666667,5324200.5,5895049.75
@angular/core,2020-01-01,5621025,728765,5382218.666666667,5404364.333333333,5895049.75
@angular/core,2020-02-01,6003104,382079,5505463,5564764,5997897
@angular/core,2020-03-01,6933219,930115,6185782.666666667,5844209.166666667,6700690.25
@angular/core,2020-04-01,6814188,-119031,6583503.666666667,5982861.166666667,6903461.25
@angular/core,2020-05-01,6637873,-176315,6795093.333333333,6150278.166666667,6903461.25
@angular/core,2020-06-01,6619260,-18613,6690440.333333333,6438111.5,6903461.25
@angular/core,2020-07-01,7657610,1038350,6971581,6777542.333333333,7476512.25
@angular/core,2020-08-01,7504543,-153067,7260471,7027782.166666667,7619343.25
@angular/core,2020-09-01,8239096,734553,7800416.333333333,7245428.333333333,8093724.5
@angular/core,2020-10-01,8861794,622698,8201811,7586696,8706119.5
@angular/core,2020-11-01,8839529,-22265,8646806.333333334,7953638.666666667,8856227.75
@angular/core,2020-12-01,8490025,-349504,8730449.333333334,8265432.833333333,8856227.75
@angular/core,2021-01-01,9183027,693002,8837527,8519669,9102718.75
@angular/core,2021-02-01,10066886,883859,9246646,8946726.166666666,9845921.25
@angular/core,2021-03-01,11925345,1858459,10391752.666666666,9561101,11460730.25
@angular/core,2021-04-01,11012523,-912822,11001584.666666666,9919555.833333334,11697139.5
@angular/core,2021-05-01,11074584,62061,11337484,10292065,11712654.75
@angular/core,2021-06-01,11651534,576950,11246213.666666666,10818983.166666666,11856892.25
@angular/core,2021-07-01,11090802,-560732,11272306.666666666,11136945.666666666,11856892.25
@angular/core,2021-08-01,11358900,268098,11367078.666666666,11352281.333333334,11856892.25
@angular/core,2021-09-01,11889398,530498,11446366.666666666,11346290.166666666,11829932
@angular/core,2021-10-01,12156425,267027,11801574.333333334,11536940.5,12089668.25
@angular/core,2021-11-01,11997348,-159077,12014390.333333334,11690734.5,12116655.75
@angular/core,2021-12-01,10898334,-1099014,11684035.666666666,11565201.166666666,12116655.75
@angular/core,2022-01-01,11562920,664586,11486200.666666666,11643887.5,12116655.75
@angular/core,2022-02-01,12027644,464724,11496299.333333334,11755344.833333334,12124229.75
@angular/core,2022-03-01,13672408,1644764,12420990.666666666,12052513.166666666,13293412.25
@angular/core,2022-04-01,12086454,-1585954,12595502,12040851.333333334,13275919.5
@angular/core,2022-05-01,13107341,1020887,12955401,12225850.166666666,13531141.25
@angular/core,2022-06-01,13681424,574083,12958406.333333334,12689698.5,13679170
@angular/core,2022-07-01,11862073,-1819351,12883612.666666666,12739557.333333334,13679170
@angular/core,2022-08-01,13388357,1526284,12977284.666666666,12966342.833333334,13679170
@angular/core,2022-09-01,13536020,147663,12928816.666666666,12943611.5,13645073
@angular/core,2022-10-01,13268807,-267213,13397728,13140670.333333334,13645073
@angular/core,2022-11-01,14166663,897856,13657163.333333334,13317224,14045353.25
@angular/core,2022-12-01,12065915,-2100748,13167128.333333334,13047972.5,14009002.25
@angular/core,2023-01-01,13296203,1230288,13176260.333333334,13286994.166666666,14009002.25
@angular/core,2023-02-01,13429566,133363,12930561.333333334,13293862.333333334,14009002.25
@angular/core,2023-03-01,15354855,1925289,14026874.666666666,13597001.5,15057807
@angular/core,2023-04-01,12964865,-2389990,13916428.666666666,13546344.5,15057807
@angular/core,2023-05-01,14596904,1632039,14305541.333333334,13618051.333333334,15165367.25
@angular/core,2023-06-01,14511177,-85727,14024315.333333334,14025595,15165367.25
@angular/core,2023-07-01,14030721,-480456,14379600.666666666,14148014.666666666,15165367.25
@angular/core,2023-08-01,14420232,389511,14320710,14313125.666666666,15165367.25
@angular/core,2023-09-01,13728488,-691744,14059813.666666666,14042064.5,14575472.25
@angular/core,2023-10-01,14438049,709561,14195589.666666666,14287595.166666666,14575472.25
@angular/core,2023-11-01,13331786,-1106263,13832774.333333334,14076742.166666666,14492895
@angular/core,2023-12-01,11732956,-1598830,13167597,13613705.333333334,14433594.75
@angular/core,2024-01-01,14053246,2320290,13039329.333333334,13617459.5,14433594.75
@angular/core,2024-02-01,14327423,274177,13371208.333333334,13601991.333333334,14410392.5
@angular/core,2024-03-01,14244626,-82797,14208431.666666666,13688014.333333334,14410392.5
@angular/core,2024-04-01,14519967,275341,14364005.333333334,13701667.333333334,14471831
@angular/core,2024-05-01,14795602,275635,14520065,13945636.666666666,14726693.25
@angular/core,2024-06-01,14049134,-746468,14454901,14331666.333333334,14726693.25
@angular/core,2024-07-01,15214127,1164993,14686287.666666666,14525146.5,15109495.75
@angular/core,2024-08-01,14407832,-806295,14557031,14538548,15109495.75
@angular/core,2024-09-01,14626610,218778,14749523,14602212,15109495.75
@angular/core,2024-10-01,16402628,1776018,15145690,14915988.833333334,16105502.75
@angular/core,2024-11-01,15720585,-682043,15583274.333333334,15070152.666666666,16232117.25
@angular/core,2024-12-01,13295040,-2425545,15139417.666666666,14944470.333333334,16232117.25
@angular/core,2025-01-01,15564011,2268971,14859878.666666666,15002784.333333334,16232117.25
@angular/core,2025-02-01,15633239,69228,14830763.333333334,15207018.833333334,16232117.25
@angular/core,2025-03-01,16762252,1129013,15986500.666666666,15562959.166666666,16672346
@angular/core,2025-04-01,16844398,82146,16413296.333333334,15636587.5,16823861.5
@angular/core,2025-05-01,16779647,-64751,16795432.333333332,15813097.833333334,16828210.25
@angular/core,2025-06-01,17544452,764805,17056165.666666668,16521333.166666666,17369438.5
@angular/core,2025-07-01,18484407,939955,17602835.333333332,17008065.833333332,18249418.25
@angular/core,2025-08-01,17029737,-1454670,17686198.666666668,17240815.5,18249418.25
@angular/core,2025-09-01,17773172,743435,17762438.666666668,17409302.166666668,18306598.25
@angular/core,2025-10-01,18162117,388945,17655008.666666668,17628922,18403834.5
@angular/core,2025-11-01,17556725,-605392,17830671.333333332,17758435,18403834.5
@angular/core,2025-12-01,17031959,-524766,17583600.333333332,17673019.5,18403834.5
@angular/core,2026-01-01,17465368,433409,17351350.666666668,17503179.666666668,18064880.75
@angular/core,2026-02-01,18761986,1296618,17753104.333333332,17791887.833333332,18612018.75
@angular/core,2026-03-01,23226420,4464434,19817924.666666668,18700762.5,22110311.5
@angular/core,2026-04-01,22245463,-980957,21411289.666666668,19381320.166666668,22981180.75
@angular/core,2026-05-01,22464152,218689,22645345,20199224.666666668,23035853
@angular/core,2026-06-01,24650047,2185895,23119887.333333332,21468906,24294140.25
@angular/core,2026-07-01,24770343,120296,23961514,22686401.833333332,24740269
react,2015-01-01,0,NA,NA,NA,NA
react,2015-02-01,11998,11998,NA,NA,NA
react,2015-03-01,192495,180497,68164.33333333333,NA,NA
react,2015-04-01,240114,47619,148202.33333333334,NA,NA
react,2015-05-01,278768,38654,237125.66666666666,NA,NA
react,2015-06-01,367412,88644,295431.3333333333,181797.83333333334,345251
react,2015-07-01,439284,71872,361821.3333333333,255011.83333333334,421316
react,2015-08-01,457473,18189,421389.6666666667,329257.6666666667,452925.75
react,2015-09-01,517258,59785,471338.3333333333,383384.8333333333,502311.75
react,2015-10-01,625084,107826,533271.6666666666,447546.5,598127.5
react,2015-11-01,796863,171779,646401.6666666666,533895.6666666666,753918.25
react,2015-12-01,828461,31598,750136,610737.1666666666,820561.5
react,2016-01-01,1061729,233268,895684.3333333334,714478,1003412
react,2016-02-01,1127319,65590,1005836.3333333334,826119,1110921.5
react,2016-03-01,1377057,249738,1188701.6666666667,969418.8333333334,1314622.5
react,2016-04-01,1625758,248701,1376711.3333333333,1136197.8333333333,1563582.75
react,2016-05-01,1681429,55671,1561414.6666666667,1283625.5,1667511.25
react,2016-06-01,1693632,12203,1666939.6666666667,1427820.6666666667,1690581.25
react,2016-07-01,1791560,97928,1722207,1549459.1666666667,1767078
react,2016-08-01,2118532,326972,1867908,1714661.3333333333,2036789
react,2016-09-01,2168065,49533,2026052.3333333333,1846496,2155681.75
react,2016-10-01,2278493,110428,2188363.3333333335,1955285.1666666667,2250886
react,2016-11-01,2564601,286108,2337053,2102480.5,2493074
react,2016-12-01,2402127,-162474,2415073.6666666665,2220563,2523982.5
react,2017-01-01,2924208,522081,2630312,2409337.6666666665,2834306.25
react,2017-02-01,2961989,37781,2762774.6666666665,2549913.8333333335,2952543.75
react,2017-03-01,3643833,681844,3176676.6666666665,2795875.1666666665,3473372
react,2017-04-01,3957359,313526,3521060.3333333335,3075686.1666666665,3878977.5
react,2017-05-01,4465087,507728,4022093,3392433.8333333335,4338155
react,2017-06-01,4925865,460778,4449437,3813056.8333333335,4810670.5
react,2017-07-01,4766380,-159485,4719110.666666667,4120085.5,4885993.75
react,2017-08-01,5284013,517633,4992086,4507089.5,5194476
react,2017-09-01,5581184,297171,5210525.666666667,4829981.333333333,5506891.25
react,2017-10-01,7040410,1459226,5968535.666666667,5343823.166666667,6675603.5
react,2017-11-01,7366635,326225,6662743,5827414.5,7285078.75
react,2017-12-01,6170952,-1195683,6859332.333333333,6034929,7285078.75
react,2018-01-01,7523768,1352816,7020451.666666667,6494493.666666667,7484484.75
react,2018-02-01,7875162,351394,7189960.666666667,6926351.833333333,7787313.5
react,2018-03-01,9740774,1865612,8379901.333333333,7619616.833333333,9274371
react,2018-04-01,9802818,62044,9139584.666666666,8080018.166666667,9787307
react,2018-05-01,10302291,499473,9948627.666666666,8569294.166666666,10177422.75
react,2018-06-01,11187155,884864,10430754.666666666,9405328,10965939
react,2018-07-01,11556427,369272,11015291,10077437.833333334,11464109
react,2018-08-01,12592787,1036360,11778789.666666666,10863708.666666666,12333697
react,2018-09-01,12722912,130125,12290708.666666666,11360731.666666666,12690380.75
react,2018-10-01,16586313,3863401,13967337.333333334,12491314.166666666,15620462.75
react,2018-11-01,15758954,-827359,15022726.333333334,13400758,16379473.25
react,2018-12-01,13639696,-2119258,15328321,13809514.833333334,16379473.25
react,2019-01-01,20388507,6748811,16595719,15281528.166666666,19437958.5
react,2019-02-01,22617750,2229243,18881984.333333332,16952355.333333332,22060439.25
react,2019-03-01,25391784,2774034,22799347,19063834,24698275.5
react,2019-04-01,21484718,-3907066,23164750.666666668,19880234.833333332,24698275.5
react,2019-05-01,23370642,1885924,23415714.666666668,21148849.5,24886498.5
react,2019-06-01,20316955,-3053687,21724105,22261726,24886498.5
react,2019-07-01,22785712,2468757,22157769.666666668,22661260.166666668,24886498.5
react,2019-08-01,23882767,1097055,22328478,22872096.333333332,25014529.75
react,2019-09-01,23709578,-173189,23459352.333333332,22591728.666666668,23839469.75
react,2019-10-01,27636327,3926749,25076224,23616996.833333332,26697937
react,2019-11-01,26399902,-1236425,25915269,24121873.5,27327220.75
react,2019-12-01,23147547,-3252355,25727925.333333332,24593638.833333332,27327220.75
react,2020-01-01,26725998,3578451,25424482.333333332,25250353.166666668,27408744.75
react,2020-02-01,27884703,1158705,25919416,25917342.5,27822609
react,2020-03-01,34634871,6750168,29748524,27738224.666666668,32947329
react,2020-04-01,35984159,1349288,32834577.666666668,29129530,35646837
react,2020-05-01,33571306,-2412853,34730112,30324764,35646837
react,2020-06-01,32524936,-1046370,34026800.333333336,31887662.166666668,35646837
react,2020-07-01,34483822,1958886,33526688,33180632.833333332,35646837
react,2020-08-01,33255137,-1228685,33421298.333333332,34075705.166666664,35646837
react,2020-09-01,35290230,2035093,34343063,34184931.666666664,35810676.75
react,2020-10-01,38471831,3181601,35672399.333333336,34599543.666666664,37676430.75
react,2020-11-01,37225237,-1246594,36995766,35208532.166666664,38160182.5
react,2020-12-01,34574548,-2650689,36757205.333333336,35550134.166666664,38160182.5
react,2021-01-01,36696617,2122069,36165467.333333336,35918933.333333336,38160182.5
react,2021-02-01,40218041,3521424,37163068.666666664,37079417.333333336,39781488.5
react,2021-03-01,48579475,8361434,41831377.666666664,39294291.5,46489116.5
react,2021-04-01,45103483,-3475992,44633666.333333336,40399566.833333336,47710477
react,2021-05-01,45648399,544916,46443785.666666664,41803427.166666664,47846706
react,2021-06-01,47660775,2012376,46137552.333333336,43984465,48349800
react,2021-07-01,46257534,-1403241,46522236,45577951.166666664,48349800
react,2021-08-01,48160976,1903442,47359761.666666664,46901773.666666664,48474850.25
react,2021-09-01,50016259,1855283,48144923,47141237.666666664,49552438.25
react,2021-10-01,50865853,849594,49681029.333333336,48101632.666666664,50653454.5
react,2021-11-01,52880032,2014179,51254048,49306904.833333336,52376487.25
react,2021-12-01,51925027,-955005,51890304,50017613.5,52641280.75
react,2022-01-01,58992112,7067085,54599057,52140043.166666664,57464092
react,2022-02-01,61590831,2598719,57502656.666666664,54378352.333333336,60941151.25
react,2022-03-01,71390997,9800166,63991313.333333336,57940808.666666664,68940955.5
react,2022-04-01,63224624,-8166373,65402150.666666664,60000603.833333336,69349403.75
react,2022-05-01,65096557,1871933,66570726,62036691.333333336,69817387
react,2022-06-01,69580774,4484217,65967318.333333336,64979315.833333336,70938441.25
react,2022-07-01,62949650,-6631124,65875660.333333336,65638905.5,70938441.25
react,2022-08-01,73149574,10199924,68559999.33333333,67565362.66666667,72709929.75
react,2022-09-01,72383277,-766297,69494167,67730742.66666667,72957999.75
react,2022-10-01,73547553,1164276,73026801.33333333,69451230.83333333,73448058.25
react,2022-11-01,80759374,7211821,75563401.33333333,72061700.33333333,78956418.75
react,2022-12-01,68258462,-12500912,74188463,71841315,78956418.75
react,2023-01-01,76435491,8177029,75151109,74088955.16666667,79678403.25
react,2023-02-01,79838077,3402586,74844010,75203705.66666667,80529049.75
react,2023-03-01,89481922,9643845,81918496.66666667,78053479.83333333,87301285
react,2023-04-01,80592304,-8889618,83304101,79227605,87301285
react,2023-05-01,87710006,7117702,85928077.33333333,80386043.66666667,89038943
react,2023-06-01,88289747,579741,85530685.66666667,83724591.16666667,89183878.25
react,2023-07-01,85776565,-2513182,87258772.66666667,85281436.83333333,89183878.25
react,2023-08-01,95685058,9908493,89917123.33333333,87922600.33333333,94134274
react,2023-09-01,88028269,-7656789,89829964,87680324.83333333,93836230.25
react,2023-10-01,96585914,8557645,93433080.33333333,90345926.5,96360700
react,2023-11-01,90791519,-5794395,91801900.66666667,90859512,96360700
react,2023-12-01,81508775,-9282744,89628736,89729350,96360700
react,2024-01-01,96689831,15181056,89663375,91548227.66666667,96663851.75
react,2024-02-01,97919218,1229387,92039274.66666667,91920587.66666667,97611871.25
react,2024-03-01,98355322,436104,97654790.33333333,93641763.16666667,98246296
react,2024-04-01,98378123,22801,98217554.33333333,93940464.66666667,98372422.75
react,2024-05-01,104872266,6494143,100535237,96287255.83333333,103248730.25
react,2024-06-01,99090401,-5781865,100780263.33333333,99217526.83333333,103426799.75
react,2024-07-01,108673589,9583188,104212085.33333333,101214819.83333333,107723258.25
react,2024-08-01,104417844,-4255745,104060611.33333333,102297924.16666667,107723258.25
react,2024-09-01,107136342,2718498,106742591.66666667,103761427.5,108289277.25
react,2024-10-01,117559363,10423021,109704516.33333333,106958300.83333333,115337919.5
react,2024-11-01,114126945,-3432418,112940883.33333333,108500747.33333333,116701258.5
react,2024-12-01,103113108,-11013837,111599805.33333333,109171198.5,116701258.5
react,2025-01-01,119084176,15971068,112108076.33333333,110906296.33333333,118702972.75
react,2025-02-01,127964819,8880643,116720701,114830792.16666667,125744658.25
react,2025-03-01,142777706,14812887,129942233.66666667,120771019.5,139074484.25
react,2025-04-01,162302571,19524865,144348365.33333334,128228220.83333333,157421354.75
react,2025-05-01,164758694,2456123,156612990.33333334,136666845.66666666,164144663.25
react,2025-06-01,185729287,20970593,170930184,150436208.83333334,180486638.75
react,2025-07-01,187913732,2184445,179467237.66666666,161907801.5,187367620.75
react,2025-08-01,191401715,3487983,188348244.66666666,172480617.5,190529719.25
react,2025-09-01,192326808,925093,190547418.33333334,180738801.16666666,192095534.75
react,2025-10-01,204370780,12043972,196033101,187750169.33333334,201359787
react,2025-11-01,214020736,9649956,203572774.66666666,195960509.66666666,211608247
react,2025-12-01,236129342,22108606,218173619.33333334,204360518.83333334,230602190.5
react,2026-01-01,275446152,39316810,241865410,218949255.5,265616949.5
react,2026-02-01,333340617,57894465,281638703.6666667,242605739.16666666,318867000.75
react,2026-03-01,464131240,130790623,357639336.3333333,287906477.8333333,431433584.25
react,2026-04-01,526277028,62145788,441249628.3333333,341557519.1666667,510740581
react,2026-05-01,562038855,35761827,517482374.3333333,399560539,553098398.25
react,2026-06-01,599915446,37876591,562743776.3333334,460191556.3333333,590446298.25
react,2026-07-01,689332252,89416806,617095517.6666666,529172573,666978050.5
vue,2015-01-01,0,NA,NA,NA,NA
vue,2015-02-01,4946,4946,NA,NA,NA
vue,2015-03-01,7174,2228,4040,NA,NA
vue,2015-04-01,6981,-193,6367,NA,NA
vue,2015-05-01,9461,2480,7872,NA,NA
vue,2015-06-01,13387,3926,9943,6991.5,12405.5
vue,2015-07-01,24302,10915,15716.666666666666,11041.833333333334,21573.25
vue,2015-08-01,9994,-14308,15894.333333333334,11883.166666666666,21573.25
vue,2015-09-01,14999,5005,16431.666666666668,13187.333333333334,21976.25
vue,2015-10-01,17700,2701,14231,14973.833333333334,22651.5
vue,2015-11-01,50822,33122,27840.333333333332,21867.333333333332,44192
vue,2015-12-01,50919,97,39813.666666666664,28122.666666666668,50894.75
vue,2016-01-01,48243,-2676,49994.666666666664,32112.833333333332,50894.75
vue,2016-02-01,29803,-18440,42988.333333333336,35414.333333333336,50894.75
vue,2016-03-01,67236,37433,48427.333333333336,44120.5,63156.75
vue,2016-04-01,96319,29083,64452.666666666664,57223.666666666664,89048.25
vue,2016-05-01,124185,27866,95913.33333333333,69450.83333333333,117218.5
vue,2016-06-01,141557,17372,120687,84557.16666666667,137214
vue,2016-07-01,132527,-9030,132756.33333333334,98604.5,139299.5
vue,2016-08-01,140417,7890,138167,117040.16666666667,141272
vue,2016-09-01,135075,-5342,136006.33333333334,128346.66666666667,141272
vue,2016-10-01,191392,56317,155628,144192.16666666666,178933.25
vue,2016-11-01,227628,36236,184698.33333333334,161432.66666666666,218569
vue,2016-12-01,243538,15910,220852.66666666666,178429.5,239560.5
vue,2017-01-01,280773,37235,250646.33333333334,203137.16666666666,271464.25
vue,2017-02-01,345766,64993,290025.6666666667,237362,329517.75
vue,2017-03-01,519761,173995,382100,301476.3333333333,476262.25
vue,2017-04-01,448786,-70975,438104.3333333333,344375.3333333333,502017.25
vue,2017-05-01,572362,123576,513636.3333333333,401831,559211.75
vue,2017-06-01,580894,8532,534014,458057,578761
vue,2017-07-01,660067,79173,604441,521272.6666666667,640273.75
vue,2017-08-01,709063,48996,650008,581822.1666666666,696814
vue,2017-09-01,812561,103498,727230.3333333334,630622.1666666666,786686.5
vue,2017-10-01,874424,61863,798682.6666666666,701561.8333333334,858958.25
vue,2017-11-01,1076463,202039,921149.3333333334,785578.6666666666,1025953.25
vue,2017-12-01,1049066,-27397,999984.3333333334,863607.3333333334,1069613.75
vue,2018-01-01,1193073,144007,1106200.6666666667,952441.6666666666,1163920.5
vue,2018-02-01,1081402,-111671,1107847,1014498.1666666666,1165155.25
vue,2018-03-01,1556783,475381,1277086,1138535.1666666667,1465855.5
vue,2018-04-01,1443372,-113411,1360519,1233359.8333333333,1528430.25
vue,2018-05-01,1491657,48285,1497270.6666666667,1302558.8333333333,1540501.5
vue,2018-06-01,1606459,114802,1513829.3333333333,1395457.6666666667,1594040
vue,2018-07-01,1814560,208101,1637558.6666666667,1499038.8333333333,1762534.75
vue,2018-08-01,2231426,416866,1884148.3333333333,1690709.5,2127209.5
vue,2018-09-01,2199441,-31985,2081809,1797819.1666666667,2223429.75
vue,2018-10-01,2752529,553088,2394465.3333333335,2016012,2622253.25
vue,2018-11-01,2849511,96982,2600493.6666666665,2242321,2825265.5
vue,2018-12-01,2902949,53438,2834996.3333333335,2458402.6666666665,2889589.5
vue,2019-01-01,3244749,341800,2999069.6666666665,2696767.5,3159299
vue,2019-02-01,3369580,124831,3172426,2886459.8333333335,3338372.25
vue,2019-03-01,4114746,745166,3576358.3333333335,3205677.3333333335,3928454.5
vue,2019-04-01,4097378,-17368,3860568,3429818.8333333335,4110404
vue,2019-05-01,4232210,134832,4148111.3333333335,3660268.6666666665,4202844
vue,2019-06-01,3995196,-237014,4108261.3333333335,3842309.8333333335,4202844
vue,2019-07-01,4589346,594150,4272250.666666667,4066409.3333333335,4500062
vue,2019-08-01,4575779,-13567,4386773.666666667,4267442.5,4585954.25
vue,2019-09-01,4556959,-18820,4574028,4341144.666666667,4585954.25
vue,2019-10-01,5275366,718407,4802701.333333333,4537476,5103861
vue,2019-11-01,5433849,158483,5088724.666666667,4737749.166666667,5394228.25
vue,2019-12-01,4935529,-498320,5214914.666666667,4894471.333333333,5394228.25
vue,2020-01-01,5455880,520351,5275086,5038893.666666667,5450372.25
vue,2020-02-01,5794155,338275,5395188,5241956.333333333,5709586.25
vue,2020-03-01,6948878,1154723,6066304.333333333,5640609.5,6660197.25
vue,2020-04-01,6899472,-49406,6547501.666666667,5911293.833333333,6936526.5
vue,2020-05-01,6655801,-243671,6834717,6114952.5,6936526.5
vue,2020-06-01,6809919,154118,6788397.333333333,6427350.833333333,6936526.5
vue,2020-07-01,7429533,619614,6965084.333333333,6756293,7309369.25
vue,2020-08-01,7374042,-55491,7204498,7019607.5,7415660.25
vue,2020-09-01,8347764,973722,7717113,7252755.166666667,8118206.25
vue,2020-10-01,8666535,318771,8129447,7547265.666666667,8586842.25
vue,2020-11-01,8301803,-364732,8438700.666666666,7821599.333333333,8586842.25
vue,2020-12-01,8034568,-267235,8334302,8025707.5,8586842.25
vue,2021-01-01,8409502,374934,8248624.333333333,8189035.666666667,8602276.75
vue,2021-02-01,8773960,364458,8406010,8422355.333333334,8747103.75
vue,2021-03-01,10728910,1954950,9304124,8819213,10240172.5
vue,2021-04-01,9861822,-867088,9788230.666666666,9018427.5,10512138
vue,2021-05-01,9935099,73277,10175277,9290643.5,10530457.25
vue,2021-06-01,11165546,1230447,10320822.333333334,9812473.166666666,11056387
vue,2021-07-01,10965739,-199807,10688794.666666666,10238512.666666666,11115594.25
vue,2021-08-01,10865724,-100015,10999003,10587140,11115594.25
vue,2021-09-01,11440292,574568,11090585,10705703.666666666,11371605.5
vue,2021-10-01,11253493,-186799,11186503,10937648.833333334,11393592.25
vue,2021-11-01,11961334,707841,11551706.333333334,11275354.666666666,11831073.5
vue,2021-12-01,11237560,-723774,11484129,11287357,11831073.5
vue,2022-01-01,11759830,522270,11652908,11419705.5,11910958
vue,2022-02-01,12452541,692711,11816643.666666666,11684175,12329739.25
vue,2022-03-01,14574952,2122411,12929107.666666666,12206618.333333334,14044349.25
vue,2022-04-01,13168672,-1406280,13398721.666666666,12525814.833333334,14223382
vue,2022-05-01,14278203,1109531,14007275.666666666,12911959.666666666,14500764.75
vue,2022-06-01,14428351,150148,13958408.666666666,13443758.166666666,14538301.75
vue,2022-07-01,13730341,-698010,14145631.666666666,13772176.666666666,14538301.75
vue,2022-08-01,15196737,1466396,14451809.666666666,14229542.666666666,15041290.75
vue,2022-09-01,15143970,-52767,14690349.333333334,14324379,15183545.25
vue,2022-10-01,15669436,525466,15336714.333333334,14741173,15551261.25
vue,2022-11-01,31278907,15609471,20697437.666666668,17574623.666666668,27376539.25
vue,2022-12-01,154612153,123333246,67186832,40938590.666666664,123778841.5
vue,2023-01-01,15549153,-139063000,67146737.66666667,41241726,123778841.5
vue,2023-02-01,15996230,447077,62052512,41374974.833333336,123778841.5
vue,2023-03-01,17920910,1924680,16488764.333333334,41837798.166666664,123778841.5
vue,2023-04-01,15312898,-2608012,16410012.666666666,41778375.166666664,123778841.5
vue,2023-05-01,17220181,1907283,16817996.333333332,39435254.166666664,120439342.25
vue,2023-06-01,17255807,35626,16596295.333333334,16542529.833333334,17754634.25
vue,2023-07-01,16769992,-485815,17081993.333333332,16746003,17754634.25
vue,2023-08-01,17522166,752174,17182655,17000325.666666668,17821224
vue,2023-09-01,16544840,-977326,16945666,16770980.666666666,17455576.25
vue,2023-10-01,18113522,1568682,17393509.333333332,17237751.333333332,17965683
vue,2023-11-01,17580572,-532950,17412978,17297816.5,17980284.5
vue,2023-12-01,16180229,-1400343,17291441,17118553.5,17980284.5
vue,2024-01-01,19228920,3048691,17663240.333333332,17528374.833333332,18950070.5
vue,2024-02-01,19110433,-118487,18173194,17793086,19199298.25
vue,2024-03-01,20033667,923234,19457673.333333332,18374557.166666668,19832480.25
vue,2024-04-01,20894967,861300,20013022.333333332,18838131.333333332,20679642
vue,2024-05-01,21227680,332713,20718771.333333332,19445982.666666668,21144501.75
vue,2024-06-01,20422600,-805080,20848415.666666668,20153044.5,21144501.75
vue,2024-07-01,22338046,1915446,21329442,20671232.166666668,22060454.5
vue,2024-08-01,21444927,-893119,21401857.666666668,21060314.5,22114766.25
vue,2024-09-01,22672322,1227395,22151765,21500090.333333332,22588753
vue,2024-10-01,24457800,1785478,22858349.666666668,22093895.833333332,24011430.5
vue,2024-11-01,23607605,-850195,23579242.333333332,22490550,24245251.25
vue,2024-12-01,21612577,-1995028,23225994,22688879.5,24245251.25
vue,2025-01-01,24295304,2682727,23171828.666666668,23015089.166666668,24417176
vue,2025-02-01,25270248,974944,23726043,23652642.666666668,25067136
vue,2025-03-01,27123621,1853373,25563057.666666668,24394525.833333332,26660277.75
vue,2025-04-01,26881867,-241754,26425245.333333332,24798537,27063182.5
vue,2025-05-01,26846433,-35434,26950640.333333332,25338341.666666668,27063182.5
vue,2025-06-01,30219770,3373337,27982690,26772873.833333332,29445732.75
vue,2025-07-01,30130088,-89682,29065430.333333332,27745337.833333332,30197349.5
vue,2025-08-01,32463335,2333247,30937731,28944185.666666668,31902443.75
vue,2025-09-01,33009776,546441,31867733,29925211.5,32873165.75
vue,2025-10-01,30854330,-2155446,32109147,30587288.666666668,32873165.75
vue,2025-11-01,30703451,-150879,31522519,31230125,32873165.75
vue,2025-12-01,31650196,946745,31069325.666666668,31468529.333333332,32873165.75
vue,2026-01-01,33224273,1574077,31859306.666666668,31984226.833333332,33170648.75
vue,2026-02-01,35679795,2455522,33518088,32520303.5,35065914.5
vue,2026-03-01,48387281,12707486,39097116.333333336,35083221,45210409.5
vue,2026-04-01,48343912,-43369,44136996,37998151.333333336,48376438.75
vue,2026-05-01,52309836,3965924,49680343,41599215.5,51329197.25
vue,2026-06-01,56268278,3958442,52307342,45702229.166666664,55278667.5
vue,2026-07-01,61075864,4807586,56551326,50344161,59873967.5
